{"type":"FeatureCollection","features":[
{"type":"Feature","geometry":{"type":"MultiPolygon","coordinates":[[[[124.45,-9.18],[124.03,-9.34],[123.69,-9.61],[123.52,-10.34],[124.42,-10.16],[125.06,-9.49],[124.92,-8.96],[124.45,-9.18]]],[[[117.57,4.16],[117.16,4.33],[115.88,4.35],[115.65,4.17],[115.46,3.03],[114.5,1.44],[113.65,1.23],[113.02,1.54],[112.18,1.45],[111.82,1.01],[111.2,1.08],[110.55,0.85],[109.68,1.57],[109.65,2.08],[109.1,1.56],[108.86,0.83],[109.17,0.11],[109.27,-0.85],[110.07,-1.43],[110.26,-3],[111.3,-2.94],[112.62,-3.42],[113.18,-3.08],[114.11,-3.35],[114.61,-3.68],[114.71,-4.17],[115.97,-3.61],[116.6,-2.22],[116.32,-1.7],[117.02,-1.2],[117.6,-0.42],[117.52,0.29],[117.81,0.81],[119,0.96],[117.92,1.82],[118.06,2.37],[117.35,3.18],[117.75,3.64],[117.57,4.16]]],[[[140.97,-2.6],[139.86,-2.37],[137.79,-1.48],[136.4,-2.22],[135.47,-3.36],[134.98,-3.33],[134.66,-2.56],[134.19,-2.38],[134.28,-1.35],[133.98,-0.72],[133.39,-0.72],[132.71,-0.36],[131.24,-0.82],[131.21,-1.52],[131.93,-1.71],[132.07,-2.11],[133.03,-2.48],[132.33,-2.95],[133.27,-4.05],[133.59,-3.57],[134.43,-3.91],[135.19,-4.45],[135.97,-4.52],[137.71,-5.22],[138.82,-6.81],[139.09,-7.56],[138.99,-7.87],[138.91,-7.92],[138.91,-8.04],[138.92,-8.08],[138.86,-8.1],[138.84,-8.14],[139.93,-8.11],[140.98,-9.11],[140.98,-6.9],[140.98,-4.6],[140.97,-2.6]]],[[[109.91,-7.84],[110.48,-8.11],[112.67,-8.45],[113.2,-8.28],[114.2,-8.65],[114.47,-7.83],[114.02,-7.62],[113.3,-7.79],[112.76,-7.53],[112.58,-6.99],[110.73,-6.46],[110.36,-6.97],[108.61,-6.76],[108.22,-6.24],[106.5,-6.03],[105.82,-6.43],[106.52,-7.41],[109.91,-7.84]]],[[[119.85,-0.87],[119.33,-1.21],[119.35,-1.93],[118.76,-2.78],[119.3,-3.43],[119.63,-4.31],[119.35,-5.36],[119.65,-5.68],[120.32,-5.51],[120.45,-3.73],[120.23,-2.95],[121.07,-2.75],[120.89,-3.54],[121.54,-4.23],[122.11,-4.52],[122.68,-4.12],[122.2,-3.56],[122.39,-3.13],[121.69,-1.91],[122.37,-1.49],[122.91,-0.76],[121.5,-0.86],[121.07,-1.42],[120.09,-0.66],[120,-0.21],[120.38,0.48],[122.98,0.48],[123.24,0.32],[124.32,0.4],[124.9,0.97],[124.55,1.36],[123.95,0.84],[121.63,1.06],[120.97,1.35],[120.57,0.78],[120.06,0.74],[119.79,0.2],[119.85,-0.87]]],[[[100.95,1.83],[99.75,3.18],[98.31,4.08],[98.28,4.43],[97.5,5.25],[96.13,5.28],[95.2,5.55],[95.43,4.83],[96.43,3.83],[96.76,3.75],[97.6,2.87],[97.66,2.41],[98.54,1.94],[99.09,0.62],[100.3,-0.82],[100.41,-1.26],[101.1,-2.59],[102.31,-3.99],[104.3,-5.64],[105.78,-5.83],[105.91,-4.47],[105.82,-3.67],[106.06,-3.27],[105.62,-2.4],[104.88,-2.28],[104.38,-1.03],[103.38,-0.73],[103.71,0.31],[102.24,0.98],[102.12,1.39],[100.95,1.83]]],[[[120.79,-9.96],[119.63,-9.34],[119.48,-9.75],[120.16,-10.22],[120.79,-9.96]]],[[[119.2,-8.61],[118.99,-8.31],[118.12,-8.11],[117.81,-8.72],[117.2,-8.36],[117.01,-9.11],[119.2,-8.61]]],[[[123.03,-8.29],[122.29,-8.63],[121.51,-8.6],[120.28,-8.27],[119.82,-8.78],[121.79,-8.88],[122.81,-8.61],[123.03,-8.29]]],[[[138.94,-7.54],[138.03,-7.61],[137.64,-8.39],[138.44,-8.38],[138.66,-8.17],[138.82,-8.09],[138.9,-8.08],[138.88,-7.93],[138.98,-7.83],[139.05,-7.56],[138.94,-7.54]]],[[[127.24,-3.47],[126.42,-3.07],[126.17,-3.6],[126.74,-3.86],[127.24,-3.47]]],[[[130.87,-3.57],[130.58,-3.12],[129.44,-2.78],[129.12,-2.96],[128.18,-2.86],[128.48,-3.46],[128.88,-3.2],[129.54,-3.3],[130.82,-3.87],[130.87,-3.57]]],[[[106.77,-2.56],[106.35,-2.46],[105.88,-1.49],[105.46,-1.56],[105.99,-2.82],[106.61,-2.94],[106.77,-2.56]]],[[[127.67,-0.21],[127.96,0.48],[128.7,1.07],[127.85,1.83],[127.41,1.23],[127.67,-0.21]]]]},"properties":{"name":"Indonesia","ISO3166-1-Alpha-3":"IDN","ISO3166-1-Alpha-2":"ID"}},
{"type":"Feature","geometry":{"type":"MultiPolygon","coordinates":[[[[102.07,6.26],[101.11,5.64],[101.08,6.25],[100.13,6.44],[100.35,6.01],[100.72,3.87],[101.3,3.27],[101.28,2.91],[102.19,2.22],[103.37,1.54],[104.29,1.45],[103.95,2.34],[103.43,2.96],[103.34,3.76],[103.45,4.8],[103.12,5.38],[102.07,6.26]]],[[[115.15,4.91],[115.03,4.82],[114.98,4.89],[114.59,4.02],[114,4.6],[113.95,4.27],[112.97,3.14],[111.44,2.68],[110.97,1.5],[109.93,1.69],[109.65,2.08],[109.68,1.57],[110.55,0.85],[111.2,1.08],[111.82,1.01],[112.18,1.45],[113.02,1.54],[113.65,1.23],[114.5,1.44],[115.46,3.03],[115.65,4.17],[115.88,4.35],[117.16,4.33],[117.57,4.16],[118.54,4.36],[118.14,4.88],[119.16,5.11],[118.41,5.8],[117.65,5.96],[117.74,6.39],[116.97,6.71],[116.2,6.22],[115.85,5.56],[115.15,4.91]]]]},"properties":{"name":"Malaysia","ISO3166-1-Alpha-3":"MYS","ISO3166-1-Alpha-2":"MY"}},
{"type":"Feature","geometry":{"type":"MultiPolygon","coordinates":[[[[-69.51,-17.51],[-69.97,-18.25],[-70.39,-18.34],[-70.12,-20.07],[-70.06,-21.43],[-70.3,-22.92],[-70.56,-23.06],[-70.58,-24.52],[-70.44,-25.34],[-70.91,-27.62],[-71.52,-28.94],[-71.29,-29.91],[-71.71,-30.61],[-71.41,-32.37],[-71.64,-33.5],[-72.03,-34.16],[-72.23,-35.12],[-72.65,-35.57],[-73,-36.71],[-73.67,-37.36],[-73.24,-39.49],[-73.68,-39.94],[-73.95,-40.97],[-73.66,-41.76],[-72.86,-41.91],[-72.76,-43.01],[-73.28,-44.11],[-72.73,-44.76],[-73.46,-45.27],[-73.55,-45.88],[-74.71,-45.98],[-75.7,-46.64],[-74.27,-46.78],[-74.74,-47.7],[-74.42,-47.98],[-74.26,-50.94],[-73.53,-52.46],[-72.16,-52.65],[-72.47,-53.28],[-72.05,-53.71],[-70.97,-53.76],[-70.81,-52.82],[-69.23,-52.2],[-68.45,-52.35],[-69.95,-52.01],[-71.92,-51.99],[-72.28,-51.7],[-72.3,-50.65],[-73.1,-50.77],[-73.47,-49.76],[-73.46,-49.31],[-73.1,-49.27],[-72.33,-48.29],[-72.54,-47.91],[-71.69,-46.69],[-71.8,-45.74],[-71.31,-45.3],[-71.82,-44.4],[-71.66,-43.93],[-72.15,-43],[-71.93,-41.62],[-71.96,-40.72],[-71.4,-39.24],[-70.87,-38.69],[-71.19,-37.71],[-71.15,-36.69],[-70.38,-36.05],[-70.23,-34.59],[-69.83,-34.24],[-69.79,-33.38],[-70.59,-31.55],[-70.22,-30.52],[-69.9,-30.31],[-70.04,-29.36],[-69.65,-28.4],[-69.17,-27.92],[-68.42,-26.18],[-68.57,-24.77],[-68.24,-24.39],[-67.36,-24.03],[-67.01,-23],[-67.19,-22.82],[-67.88,-22.83],[-68.21,-21.28],[-68.78,-20.09],[-68.5,-19.46],[-68.99,-18.95],[-69.14,-18.03],[-69.51,-17.51]]],[[[-68.64,-54.8],[-68.64,-54.78],[-68.63,-52.64],[-69.58,-52.51],[-70.47,-53.31],[-70.07,-54.25],[-70.24,-54.86],[-68.65,-54.89],[-68.64,-54.8]]],[[[-68,-55.63],[-68.44,-54.94],[-69.61,-55.37],[-68,-55.63]]],[[[-74.33,-43.28],[-73.52,-42.79],[-73.49,-42.15],[-74.06,-41.95],[-74.33,-43.28]]]]},"properties":{"name":"Chile","ISO3166-1-Alpha-3":"CHL","ISO3166-1-Alpha-2":"CL"}},
{"type":"Feature","geometry":{"type":"Polygon","coordinates":[[[-69.51,-17.51],[-69.14,-18.03],[-68.99,-18.95],[-68.5,-19.46],[-68.78,-20.09],[-68.21,-21.28],[-67.88,-22.83],[-67.19,-22.82],[-66.24,-21.79],[-65.74,-22.11],[-64.59,-22.21],[-63.95,-22.01],[-62.8,-22],[-62.65,-22.23],[-62.28,-20.58],[-61.76,-19.66],[-60.01,-19.3],[-59.09,-19.29],[-58.18,-19.82],[-58.16,-20.17],[-57.55,-18.18],[-57.79,-17.56],[-58.38,-17.27],[-58.46,-16.33],[-60.13,-16.27],[-60.47,-13.82],[-60.9,-13.55],[-61.85,-13.53],[-62.22,-13.12],[-62.81,-12.99],[-63.8,-12.45],[-64.4,-12.46],[-65,-12],[-65.35,-11.39],[-65.45,-10.47],[-65.3,-9.83],[-66.63,-9.9],[-67.76,-10.71],[-68.62,-11.11],[-69.58,-10.95],[-68.68,-12.5],[-68.98,-12.87],[-68.88,-14.21],[-69.39,-14.96],[-69.42,-15.66],[-69,-16.42],[-69.51,-17.51]]]},"properties":{"name":"Bolivia","ISO3166-1-Alpha-3":"BOL","ISO3166-1-Alpha-2":"BO"}},
{"type":"Feature","geometry":{"type":"Polygon","coordinates":[[[-69.51,-17.51],[-69,-16.42],[-69.42,-15.66],[-69.39,-14.96],[-68.88,-14.21],[-68.98,-12.87],[-68.68,-12.5],[-69.58,-10.95],[-70.64,-11.01],[-70.68,-9.53],[-71.39,-10.01],[-72.2,-10.01],[-72.43,-9.48],[-73.53,-8.37],[-73.77,-6.9],[-73.13,-6.44],[-73.23,-6.08],[-72.92,-5.13],[-71.77,-4.48],[-70.83,-4.18],[-69.96,-4.24],[-70.73,-3.78],[-70.05,-2.72],[-70.87,-2.23],[-71.77,-2.14],[-72.4,-2.45],[-72.94,-2.42],[-73.64,-1.26],[-74.29,-0.94],[-74.82,-0.17],[-75.28,-0.11],[-75.56,-1.5],[-76.68,-2.57],[-77.85,-2.98],[-78.36,-3.49],[-79.01,-4.96],[-80.08,-4.31],[-80.34,-3.39],[-81.25,-4.24],[-81.2,-5.21],[-80.86,-5.65],[-81.1,-6.07],[-79.96,-6.79],[-79.47,-7.72],[-78.99,-8.22],[-78.06,-10.35],[-77.32,-11.49],[-77.17,-12.07],[-76.22,-13.36],[-76.28,-14.14],[-75.16,-15.39],[-73.7,-16.22],[-71.51,-17.28],[-71.36,-17.63],[-70.39,-18.34],[-69.97,-18.25],[-69.51,-17.51]]]},"properties":{"name":"Peru","ISO3166-1-Alpha-3":"PER","ISO3166-1-Alpha-2":"PE"}},
{"type":"Feature","geometry":{"type":"MultiPolygon","coordinates":[[[[-67.19,-22.82],[-67.01,-23],[-67.36,-24.03],[-68.24,-24.39],[-68.57,-24.77],[-68.42,-26.18],[-69.17,-27.92],[-69.65,-28.4],[-70.04,-29.36],[-69.9,-30.31],[-70.22,-30.52],[-70.59,-31.55],[-69.79,-33.38],[-69.83,-34.24],[-70.23,-34.59],[-70.38,-36.05],[-71.15,-36.69],[-71.19,-37.71],[-70.87,-38.69],[-71.4,-39.24],[-71.96,-40.72],[-71.93,-41.62],[-72.15,-43],[-71.66,-43.93],[-71.82,-44.4],[-71.31,-45.3],[-71.8,-45.74],[-71.69,-46.69],[-72.54,-47.91],[-72.33,-48.29],[-73.1,-49.27],[-73.47,-49.76],[-73.1,-50.77],[-72.3,-50.65],[-72.28,-51.7],[-71.92,-51.99],[-69.95,-52.01],[-68.45,-52.35],[-69.17,-50.98],[-68.88,-50.33],[-67.73,-49.78],[-67.56,-49.02],[-65.85,-47.94],[-65.74,-47.2],[-66.79,-47.01],[-67.62,-46.16],[-67.33,-45.61],[-65.22,-44.37],[-65.33,-43.67],[-64.51,-42.94],[-63.62,-42.75],[-63.81,-42.07],[-64.57,-42.44],[-65.07,-41.99],[-65.18,-41.01],[-64.95,-40.71],[-63.78,-41.16],[-62.34,-40.87],[-62.48,-40.29],[-62.03,-38.94],[-60.87,-38.98],[-59.06,-38.69],[-57.59,-38.15],[-56.66,-36.85],[-57.25,-36.17],[-57.14,-35.48],[-58.15,-34.75],[-58.55,-33.68],[-58.2,-32.45],[-58.17,-31.85],[-57.64,-30.19],[-57.61,-30.18],[-56.42,-29.05],[-55.77,-28.23],[-54.83,-27.55],[-53.82,-27.14],[-53.67,-26.22],[-53.91,-25.63],[-54.6,-25.57],[-54.71,-26.44],[-56.12,-27.3],[-57.18,-27.49],[-58.65,-27.16],[-57.56,-25.46],[-57.75,-25.18],[-58.81,-24.78],[-60.03,-24.01],[-61.01,-23.81],[-61.96,-23.03],[-62.65,-22.23],[-62.8,-22],[-63.95,-22.01],[-64.59,-22.21],[-65.74,-22.11],[-66.24,-21.79],[-67.19,-22.82]]],[[[-68.64,-54.78],[-67.03,-54.91],[-66.48,-54.47],[-67.98,-53.6],[-68.63,-52.64],[-68.64,-54.78]]]]},"properties":{"name":"Argentina","ISO3166-1-Alpha-3":"ARG","ISO3166-1-Alpha-2":"AR"}},
{"type":"Feature","geometry":{"type":"Polygon","coordinates":[[[33.78,34.98],[33.89,34.96],[33.9,35.06],[33.91,35.07],[33.68,35.03],[33.7,34.99],[33.7,34.97],[33.78,34.98]]]},"properties":{"name":"Dhekelia Sovereign Base Area","ISO3166-1-Alpha-3":"-99","ISO3166-1-Alpha-2":"-99"}},
{"type":"Feature","geometry":{"type":"MultiPolygon","coordinates":[[[[33.7,34.99],[32.69,35.18],[32.66,35.19],[32.58,35.17],[32.76,34.65],[32.83,34.7],[33.02,34.63],[33.7,34.97],[33.7,34.99]]],[[[33.9,35.06],[33.89,34.96],[34.02,35.06],[33.9,35.06]]]]},"properties":{"name":"Cyprus","ISO3166-1-Alpha-3":"CYP","ISO3166-1-Alpha-2":"CY"}},
{"type":"Feature","geometry":{"type":"Polygon","coordinates":[[[77.8,35.5],[77.05,35.11],[75.78,34.5],[74.29,34.77],[74,34.2],[74,33.18],[75.02,32.47],[74.49,31.71],[74.33,30.9],[73.37,29.93],[72.9,29.02],[72.38,28.78],[71.86,27.95],[70.83,27.7],[70.34,28.01],[69.47,26.81],[70.16,26.53],[70.06,25.98],[70.65,25.43],[71.06,24.68],[69.97,24.17],[68.73,24.29],[68.18,23.84],[68.55,23.26],[69.24,22.84],[68.99,22.2],[70.05,21.15],[70.98,20.71],[72.61,21.27],[72.94,20.77],[72.65,19.84],[73.23,17.3],[73.45,16.07],[73.89,15.44],[74.61,13.84],[74.82,12.86],[75.53,11.69],[76.18,10.17],[76.54,8.91],[77.51,8.08],[78.06,8.37],[78.18,8.86],[78.96,9.27],[79.4,10.32],[79.86,10.38],[79.75,11.58],[80.33,13.2],[80.05,15.01],[80.26,15.67],[81,15.85],[81.32,16.37],[82.31,16.58],[82.3,17.03],[84.08,18.27],[84.87,19.22],[85.55,19.69],[86.27,19.91],[87,20.66],[86.84,21.08],[87.2,21.55],[87.97,21.84],[88.76,21.56],[89.06,22.13],[88.54,23.65],[88.74,24.29],[88.02,24.65],[88.43,25.17],[88.07,25.91],[88.66,26.42],[89.83,25.91],[89.8,25.37],[90.36,25.15],[92,25.18],[92.46,24.95],[92.11,24.41],[91.36,24.1],[91.14,23.61],[91.54,22.98],[92.36,23.29],[92.58,21.98],[93.17,22.25],[93.46,23.96],[94,23.92],[94.71,25.03],[94.61,25.39],[95.14,26.03],[95.12,26.6],[96.14,27.26],[96.76,27.34],[97.32,28.22],[96.6,28.71],[96.14,29.37],[95.22,29.06],[94.63,29.32],[93.86,28.7],[93.45,28.67],[92.57,27.85],[91.63,27.85],[92.04,26.85],[89.82,26.7],[88.95,26.91],[88.89,27.32],[88.61,28.11],[88.12,27.86],[88.07,26.45],[87.33,26.35],[85.82,26.57],[84.8,27.01],[84.58,27.33],[82.75,27.49],[81.15,28.37],[80.04,28.84],[80.37,29.76],[81,30.2],[80.25,30.57],[79.24,31.33],[78.74,31.96],[79.44,32.53],[79.46,33.25],[78.82,33.46],[78.73,34.08],[77.8,35.5]]]},"properties":{"name":"India","ISO3166-1-Alpha-3":"IND","ISO3166-1-Alpha-2":"IN"}},
{"type":"Feature","geometry":{"type":"MultiPolygon","coordinates":[[[[77.8,35.5],[78.73,34.08],[78.82,33.46],[79.46,33.25],[79.44,32.53],[78.74,31.96],[79.24,31.33],[80.25,30.57],[81,30.2],[81.59,30.41],[83.52,29.19],[85.08,28.32],[85.68,28.31],[85.98,27.89],[86.66,28.11],[87.16,27.83],[88.12,27.86],[88.61,28.11],[88.89,27.32],[89.56,28.13],[90.26,28.34],[91.63,27.85],[92.57,27.85],[93.45,28.67],[93.86,28.7],[94.63,29.32],[95.22,29.06],[96.14,29.37],[96.6,28.71],[97.32,28.22],[97.53,28.53],[98.68,27.58],[98.69,25.88],[97.54,24.75],[97.71,24.13],[98.5,24.12],[99.22,23.06],[99.36,22.5],[99.95,21.72],[101.16,21.55],[101.52,22.23],[102.12,22.4],[102.44,22.77],[102.99,22.44],[103.31,22.79],[103.87,22.58],[104.73,22.84],[105.33,23.32],[105.85,22.9],[106.67,22.87],[106.72,22.01],[107.35,21.6],[107.99,21.49],[109.14,21.6],[110.16,20.99],[111.21,21.53],[112.61,21.78],[114.08,22.53],[114.23,22.56],[116.49,22.94],[117.08,23.56],[118.57,24.57],[119.11,25.41],[119.56,25.56],[119.68,26.62],[120.08,26.65],[120.84,27.96],[121.84,29.16],[121.98,29.82],[120.98,30.54],[121.98,30.91],[121.32,31.5],[121.82,31.95],[120.91,32.63],[120.9,33.01],[120.26,34.31],[119.21,35.05],[119.65,35.58],[120.7,36.14],[120.75,36.46],[122.04,36.98],[120.74,37.83],[119.44,37.12],[118.84,38.15],[118.08,38.14],[117.57,38.61],[117.72,39.09],[118.94,39.14],[119.54,39.89],[120.44,40.19],[121.36,40.94],[122.3,40.5],[121.44,39.51],[121.67,39.09],[124.37,40.1],[126.01,40.9],[126.89,41.78],[128.19,41.4],[128.03,41.99],[128.96,42.09],[130.53,42.53],[131.28,43.38],[131.07,44.68],[131.82,45.33],[132.95,45.02],[133.9,46.26],[134.15,47.26],[134.77,47.71],[134.39,48.38],[133.09,48.11],[132.52,47.71],[131.02,47.68],[130.53,48.64],[129.71,49.27],[127.51,49.82],[127.29,50.75],[125.62,53.06],[123.64,53.55],[120.87,53.28],[120.28,52.87],[120.78,52.12],[120.11,51.67],[119.29,50.6],[119.32,50.09],[117.76,49.51],[116.68,49.82],[115.51,48.12],[115.85,47.71],[118.54,47.97],[119.7,47.16],[119.68,46.59],[118.24,46.72],[116.6,46.31],[115.64,45.44],[114.53,45.39],[113.64,44.75],[112.01,45.09],[111.41,44.42],[111.93,43.7],[110.93,43.29],[110.41,42.77],[109.49,42.45],[106.77,42.29],[105.01,41.6],[104.5,41.87],[103.72,41.76],[102.03,42.18],[101.64,42.52],[100.02,42.68],[99.47,42.56],[97.19,42.79],[96.35,42.74],[95.38,44.29],[94.7,44.34],[93.53,44.95],[90.91,45.19],[90.65,45.49],[91.05,46.57],[90.44,47.49],[89.54,48.03],[89.05,47.99],[87.94,48.6],[87.82,49.17],[87.32,49.09],[86.57,48.53],[85.78,48.41],[85.5,47.05],[84.92,46.85],[83.15,47.21],[82.29,45.53],[80.06,45.02],[80.77,43.11],[80.37,43.03],[80.21,42.19],[78.36,41.38],[78.07,41.04],[76.86,41.01],[76.45,40.42],[75.68,40.29],[74.84,40.51],[74,40.06],[73.63,39.45],[73.8,38.6],[74.78,38.51],[75.16,37.4],[74.89,37.23],[74.54,37.02],[75.35,36.92],[75.98,36.46],[76.17,35.81],[76.78,35.65],[77.8,35.5]]],[[[111.01,19.68],[110.64,20.11],[109.3,19.92],[108.63,19.29],[108.69,18.5],[109.44,18.29],[110.43,18.68],[111.01,19.68]]]]},"properties":{"name":"China","ISO3166-1-Alpha-3":"CHN","ISO3166-1-Alpha-2":"CN"}},
{"type":"Feature","geometry":{"type":"Polygon","coordinates":[[[34.25,31.21],[34.89,29.49],[34.96,29.56],[35.46,31.49],[34.87,31.4],[34.96,32.19],[35.56,32.38],[35.76,32.74],[35.82,33.41],[35.11,33.09],[34.48,31.58],[34.25,31.21]]]},"properties":{"name":"Israel","ISO3166-1-Alpha-3":"ISR","ISO3166-1-Alpha-2":"IL"}},
{"type":"Feature","geometry":{"type":"MultiPolygon","coordinates":[[[[34.48,31.58],[34.2,31.31],[34.25,31.21],[34.48,31.58]]],[[[35.56,32.38],[34.96,32.19],[34.87,31.4],[35.46,31.49],[35.56,32.38]]]]},"properties":{"name":"Palestine","ISO3166-1-Alpha-3":"PSE","ISO3166-1-Alpha-2":"PS"}},
{"type":"Feature","geometry":{"type":"Polygon","coordinates":[[[35.11,33.09],[35.82,33.41],[36.6,34.2],[35.97,34.65],[35.11,33.09]]]},"properties":{"name":"Lebanon","ISO3166-1-Alpha-3":"LBN","ISO3166-1-Alpha-2":"LB"}},
{"type":"Feature","geometry":{"type":"Polygon","coordinates":[[[34.07,9.45],[33.97,8.45],[33.17,8.4],[33.05,7.8],[33.72,7.66],[34.73,6.64],[35.1,5.62],[35.8,5.32],[35.92,4.62],[36.84,4.43],[38.1,3.61],[39.44,3.46],[39.85,3.87],[40.76,4.28],[41.11,3.96],[41.89,3.98],[42.79,4.29],[43.12,4.65],[43.97,4.95],[44.94,4.91],[46.42,6.5],[47.98,8],[46.98,8],[44.02,8.99],[43.42,9.41],[42.84,10.21],[42.92,11],[41.8,10.97],[41.75,11.54],[42.38,12.47],[40.83,14.11],[40.1,14.47],[38.43,14.42],[37.89,14.88],[37.56,14.12],[36.53,14.26],[36.12,12.72],[35.62,12.58],[34.95,11.27],[34.28,10.57],[34.07,9.45]]]},"properties":{"name":"Ethiopia","ISO3166-1-Alpha-3":"ETH","ISO3166-1-Alpha-2":"ET"}},
{"type":"Feature","geometry":{"type":"Polygon","coordinates":[[[35.92,4.62],[35.8,5.32],[35.1,5.62],[34.73,6.64],[33.72,7.66],[33.05,7.8],[33.17,8.4],[33.97,8.45],[34.07,9.45],[33.9,10.19],[33.18,10.84],[33.08,11.58],[32.35,11.71],[32.41,11.05],[31.23,9.79],[30.75,9.74],[30.01,10.27],[28.84,9.32],[27.9,9.6],[26.56,9.52],[25.84,10.42],[25.08,10.29],[24.56,8.89],[24.17,8.69],[24.83,8.17],[25.36,7.34],[26.38,6.65],[26.53,6.04],[27.17,5.72],[27.44,5.07],[27.77,4.6],[28.4,4.28],[29.49,4.67],[30.84,3.49],[31.14,3.79],[31.94,3.59],[33.02,3.88],[33.53,3.77],[33.98,4.22],[34.38,4.62],[35.25,4.98],[35.92,4.62]]]},"properties":{"name":"South Sudan","ISO3166-1-Alpha-3":"SSD","ISO3166-1-Alpha-2":"SS"}},
{"type":"Feature","geometry":{"type":"Polygon","coordinates":[[[47.98,8],[46.42,6.5],[44.94,4.91],[43.97,4.95],[43.12,4.65],[42.79,4.29],[41.89,3.98],[40.97,2.81],[40.98,-0.87],[41.54,-1.7],[42.08,-0.86],[43.47,0.62],[44.55,1.56],[46.03,2.44],[47.95,4.46],[49.04,6.14],[49.84,7.96],[50.84,9.46],[51.14,10.68],[51.12,11.51],[50.8,11.99],[50.27,11.59],[48.94,11.25],[48.94,9.45],[47.98,8]]]},"properties":{"name":"Somalia","ISO3166-1-Alpha-3":"SOM","ISO3166-1-Alpha-2":"SO"}},
{"type":"Feature","geometry":{"type":"Polygon","coordinates":[[[35.92,4.62],[35.25,4.98],[34.38,4.62],[33.98,4.22],[34.43,3.18],[34.92,2.48],[34.98,1.68],[33.89,0.11],[33.9,-1],[35.42,-1.8],[37.64,-3.05],[37.77,-3.66],[39.19,-4.68],[39.55,-4.4],[40.13,-3.25],[40.17,-2.76],[41.54,-1.7],[40.98,-0.87],[40.97,2.81],[41.89,3.98],[41.11,3.96],[40.76,4.28],[39.85,3.87],[39.44,3.46],[38.1,3.61],[36.84,4.43],[35.92,4.62]]]},"properties":{"name":"Kenya","ISO3166-1-Alpha-3":"KEN","ISO3166-1-Alpha-2":"KE"}},
{"type":"Feature","geometry":{"type":"Polygon","coordinates":[[[34.96,-11.57],[34.59,-11.02],[34.48,-9.95],[34.01,-9.48],[32.92,-9.41],[33.67,-10.58],[33.23,-11.42],[33.37,-12.52],[33.02,-12.61],[32.72,-13.57],[33.2,-14.01],[33.6,-14.52],[34.34,-14.39],[34.57,-15.27],[34.39,-16.19],[35.21,-16.48],[35.8,-16],[35.85,-14.67],[34.89,-13.53],[34.55,-13.33],[34.35,-12.2],[34.96,-11.57]]]},"properties":{"name":"Malawi","ISO3166-1-Alpha-3":"MWI","ISO3166-1-Alpha-2":"MW"}},
{"type":"Feature","geometry":{"type":"Polygon","coordinates":[[[32.92,-9.41],[34.01,-9.48],[34.48,-9.95],[34.59,-11.02],[34.96,-11.57],[37.43,-11.72],[37.88,-11.32],[38.49,-11.41],[40.01,-10.81],[40.44,-10.47],[39.78,-9.93],[39.28,-8.31],[39.46,-6.86],[38.78,-6.03],[39.19,-4.68],[37.77,-3.66],[37.64,-3.05],[35.42,-1.8],[33.9,-1],[30.83,-1],[30.47,-1.07],[30.83,-1.59],[30.55,-2.4],[30.83,-3.17],[30,-4.27],[29.4,-4.45],[29.74,-6.65],[30.37,-7.31],[30.75,-8.19],[30.96,-8.55],[32.92,-9.41]]]},"properties":{"name":"United Republic of Tanzania","ISO3166-1-Alpha-3":"TZA","ISO3166-1-Alpha-2":"TZ"}},
{"type":"Feature","geometry":{"type":"Polygon","coordinates":[[[35.76,32.74],[36.82,32.32],[38.77,33.37],[40.69,34.33],[41.2,34.77],[41.41,36.53],[42.36,37.11],[40.71,37.1],[39.77,36.74],[38.19,36.91],[36.59,36.32],[35.91,35.92],[35.97,34.65],[36.6,34.2],[35.82,33.41],[35.76,32.74]]]},"properties":{"name":"Syria","ISO3166-1-Alpha-3":"SYR","ISO3166-1-Alpha-2":"SY"}},
{"type":"Feature","geometry":{"type":"Polygon","coordinates":[[[48.94,11.25],[47.37,11.17],[46.45,10.69],[45.8,10.88],[44.96,10.42],[44.27,10.46],[43.24,11.49],[42.92,11],[42.84,10.21],[43.42,9.41],[44.02,8.99],[46.98,8],[47.98,8],[48.94,9.45],[48.94,11.25]]]},"properties":{"name":"Somaliland","ISO3166-1-Alpha-3":"-99","ISO3166-1-Alpha-2":"-99"}},
{"type":"Feature","geometry":{"type":"MultiPolygon","coordinates":[[[[-54.62,2.33],[-54.13,2.11],[-52.71,2.36],[-51.68,4.04],[-51.93,4.59],[-52.99,5.46],[-53.94,5.74],[-54.17,5.35],[-54.48,4.91],[-54.36,4.07],[-53.99,3.61],[-54.21,2.78],[-54.62,2.33]]],[[[2.52,51.09],[1.58,50.87],[1.52,50.21],[0.24,49.73],[-0.22,49.28],[-1.61,49.22],[-1.58,48.64],[-3.08,48.83],[-4.56,48.63],[-4.43,47.98],[-2.5,47.53],[-1.8,46.5],[-1.05,46.04],[-1.48,43.58],[-1.79,43.39],[-0.04,42.69],[1.43,42.6],[1.71,42.5],[3.18,42.43],[3.04,42.94],[3.94,43.53],[6.03,43.08],[7.37,43.72],[7.41,43.76],[7.44,43.74],[7.5,43.79],[7.03,44.24],[7.02,45.93],[6.76,46.43],[6.06,46.47],[7.59,47.58],[7.57,48.09],[8.19,48.97],[6.35,49.46],[5.79,49.54],[2.79,50.72],[2.52,51.09]]],[[[8.57,42.21],[9.21,41.44],[9.55,42.11],[9.11,42.73],[8.57,42.21]]]]},"properties":{"name":"France","ISO3166-1-Alpha-3":"-99","ISO3166-1-Alpha-2":"-99"}},
{"type":"Feature","geometry":{"type":"Polygon","coordinates":[[[-54.62,2.33],[-54.21,2.78],[-53.99,3.61],[-54.36,4.07],[-54.48,4.91],[-54.17,5.35],[-54.04,5.84],[-54.77,5.99],[-56.96,6.01],[-57.25,5.48],[-57.72,4.99],[-58.07,4.15],[-56.71,2.03],[-56.48,1.94],[-56.12,2.33],[-55.02,2.59],[-54.62,2.33]]]},"properties":{"name":"Suriname","ISO3166-1-Alpha-3":"SUR","ISO3166-1-Alpha-2":"SR"}},
{"type":"Feature","geometry":{"type":"Polygon","coordinates":[[[-56.48,1.94],[-56.71,2.03],[-58.07,4.15],[-57.72,4.99],[-57.25,5.48],[-57.17,6.09],[-58.07,6.82],[-59.17,8.06],[-60.02,8.56],[-59.82,8.29],[-60.73,7.53],[-60.42,6.94],[-61.2,6.6],[-61.38,5.91],[-60.74,5.2],[-59.98,5.09],[-60.09,4.61],[-59.53,3.93],[-59.84,3.61],[-60,2.69],[-59.76,1.92],[-59.24,1.38],[-58.52,1.27],[-58.33,1.59],[-57.56,1.71],[-57.1,2.02],[-56.48,1.94]]]},"properties":{"name":"Guyana","ISO3166-1-Alpha-3":"GUY","ISO3166-1-Alpha-2":"GY"}},
{"type":"Feature","geometry":{"type":"Polygon","coordinates":[[[128.36,38.62],[128.04,38.3],[127.16,38.31],[126.67,37.83],[126.76,37.05],[126.34,36.82],[126.73,35.89],[126.27,34.64],[127.32,34.44],[128.02,35],[129.19,35.16],[129.45,35.51],[129.33,37.28],[128.36,38.62]]]},"properties":{"name":"South Korea","ISO3166-1-Alpha-3":"KOR","ISO3166-1-Alpha-2":"KR"}},
{"type":"Feature","geometry":{"type":"Polygon","coordinates":[[[128.36,38.62],[127.38,39.37],[129.75,40.91],[129.69,41.65],[130.7,42.3],[130.53,42.53],[128.96,42.09],[128.03,41.99],[128.19,41.4],[126.89,41.78],[126.01,40.9],[124.37,40.1],[125.43,39.3],[124.88,38.36],[125.01,37.91],[126.67,37.83],[127.16,38.31],[128.04,38.3],[128.36,38.62]]]},"properties":{"name":"North Korea","ISO3166-1-Alpha-3":"PRK","ISO3166-1-Alpha-2":"KP"}},
{"type":"Feature","geometry":{"type":"Polygon","coordinates":[[[-17.01,21.42],[-14.84,21.45],[-14.22,22.31],[-14.02,23.41],[-12.43,24.83],[-12.03,26.03],[-11.72,26.1],[-10.92,27.01],[-9.73,26.86],[-8.75,27.19],[-8.68,27.66],[-8.68,28.67],[-7.62,29.39],[-5.76,29.61],[-4.37,30.51],[-3.65,30.71],[-3.66,31.65],[-2.83,31.79],[-2.52,32.13],[-1.25,32.08],[-1.67,33.24],[-1.79,34.76],[-2.22,35.09],[-2.91,35.28],[-2.95,35.33],[-4.38,35.15],[-5.34,35.85],[-5.4,35.92],[-5.93,35.78],[-6.82,34.04],[-8.24,33.4],[-9.26,32.58],[-9.85,31.4],[-9.66,30.13],[-10.57,28.99],[-11.49,28.33],[-12.97,27.91],[-13.62,26.69],[-14.41,26.26],[-14.91,24.69],[-15.62,24.03],[-17.01,21.42]]]},"properties":{"name":"Morocco","ISO3166-1-Alpha-3":"MAR","ISO3166-1-Alpha-2":"MA"}},
{"type":"Feature","geometry":{"type":"Polygon","coordinates":[[[-8.68,27.66],[-8.75,27.19],[-9.73,26.86],[-10.92,27.01],[-11.72,26.1],[-12.03,26.03],[-12.43,24.83],[-14.02,23.41],[-14.22,22.31],[-14.84,21.45],[-17.01,21.42],[-17.06,20.77],[-16.96,21.33],[-13.02,21.33],[-13.02,23.02],[-12.02,23.5],[-12.02,25.99],[-8.68,26.01],[-8.68,27.29],[-8.68,27.66]]]},"properties":{"name":"Western Sahara","ISO3166-1-Alpha-3":"ESH","ISO3166-1-Alpha-2":"EH"}},
{"type":"Feature","geometry":{"type":"Polygon","coordinates":[[[-83.7,10.94],[-83.93,10.72],[-84.68,11.07],[-85.7,11.08],[-85.86,10.35],[-85.64,9.91],[-84.86,9.82],[-83.63,9.04],[-83.74,8.62],[-82.9,8.03],[-82.57,9.58],[-83.47,10.49],[-83.67,10.94],[-83.69,10.94],[-83.7,10.94]]]},"properties":{"name":"Costa Rica","ISO3166-1-Alpha-3":"CRI","ISO3166-1-Alpha-2":"CR"}},
{"type":"Feature","geometry":{"type":"Polygon","coordinates":[[[-85.7,11.08],[-84.68,11.07],[-83.93,10.72],[-83.7,10.94],[-83.77,12.55],[-83.51,12.9],[-83.43,13.96],[-83.13,15],[-84.48,14.62],[-84.77,14.81],[-85.82,13.85],[-86.1,14.04],[-86.7,13.31],[-87.31,12.98],[-86.5,11.76],[-85.7,11.08]]]},"properties":{"name":"Nicaragua","ISO3166-1-Alpha-3":"NIC","ISO3166-1-Alpha-2":"NI"}},
{"type":"Feature","geometry":{"type":"Polygon","coordinates":[[[18.63,3.48],[17.33,3.62],[16.57,3.46],[16.2,2.24],[15.76,1.91],[14.56,2.21],[13.29,2.16],[13.25,1.22],[14.18,1.38],[14.47,0.91],[13.87,0.2],[14.5,-0.63],[14.48,-1.39],[14.23,-2.32],[13.77,-2.12],[13.36,-2.43],[12.8,-1.92],[12.46,-2.33],[11.56,-2.35],[11.83,-3.55],[11.11,-3.94],[12.01,-5.02],[12.76,-4.39],[13.07,-4.64],[13.36,-4.79],[14.37,-4.28],[14.83,-4.82],[15.2,-4.34],[15.88,-3.95],[16.21,-3.36],[16.23,-2.13],[16.84,-1.26],[17.75,-0.52],[17.94,0.36],[17.87,1.02],[18.07,2.16],[18.63,3.48]]]},"properties":{"name":"Republic of the Congo","ISO3166-1-Alpha-3":"COG","ISO3166-1-Alpha-2":"CG"}},
{"type":"Feature","geometry":{"type":"Polygon","coordinates":[[[18.63,3.48],[18.07,2.16],[17.87,1.02],[17.94,0.36],[17.75,-0.52],[16.84,-1.26],[16.23,-2.13],[16.21,-3.36],[15.88,-3.95],[15.2,-4.34],[14.83,-4.82],[14.37,-4.28],[13.36,-4.79],[13.07,-4.64],[12.21,-5.76],[12.45,-6.05],[13.18,-5.86],[16.32,-5.85],[16.6,-5.92],[17,-7.3],[17.54,-8.02],[19.36,-8],[19.52,-7],[20.29,-7],[20.52,-7.29],[21.78,-7.28],[21.94,-8.41],[21.85,-9.62],[22.31,-10.37],[22.17,-10.85],[23.01,-11.1],[23.97,-10.87],[24.31,-11.41],[25.28,-11.2],[25.35,-11.65],[25.99,-11.9],[27.42,-11.92],[27.64,-12.29],[28.42,-12.52],[29.17,-13.43],[29.57,-13.23],[29.8,-12.15],[29.03,-12.38],[28.5,-11.86],[28.44,-11.35],[28.67,-9.82],[28.37,-9.24],[28.92,-8.47],[30.75,-8.19],[30.37,-7.31],[29.74,-6.65],[29.4,-4.45],[29.23,-3.05],[29.02,-2.72],[28.86,-2.42],[29.58,-1.39],[29.71,0.1],[29.93,0.79],[31.24,2.05],[30.72,2.44],[30.84,3.49],[29.49,4.67],[28.4,4.28],[27.77,4.6],[27.44,5.07],[26.46,5.06],[25.58,5.37],[25.31,5.03],[24.46,5.11],[23.39,4.59],[22.9,4.82],[22.49,4.17],[20.6,4.41],[19.72,5.14],[19.08,4.91],[18.72,4.38],[18.63,3.48]]]},"properties":{"name":"Democratic Republic of the Congo","ISO3166-1-Alpha-3":"COD","ISO3166-1-Alpha-2":"CD"}},
{"type":"Feature","geometry":{"type":"Polygon","coordinates":[[[91.63,27.85],[90.26,28.34],[89.56,28.13],[88.89,27.32],[88.95,26.91],[89.82,26.7],[92.04,26.85],[91.63,27.85]]]},"properties":{"name":"Bhutan","ISO3166-1-Alpha-3":"BTN","ISO3166-1-Alpha-2":"BT"}},
{"type":"Feature","geometry":{"type":"Polygon","coordinates":[[[31.76,52.1],[30.94,52.02],[30.15,51.48],[28.35,51.53],[25.77,51.93],[24.39,51.88],[23.61,51.52],[24.11,50.54],[22.64,49.53],[22.54,49.07],[22.13,48.4],[22.88,47.95],[25.26,47.9],[26.62,48.26],[27.75,48.45],[29.12,47.98],[29.56,47.32],[29.73,46.46],[28.2,45.46],[29.66,45.22],[29.97,45.84],[30.99,46.6],[31.86,46.63],[32.26,46.13],[33.63,46.12],[35,45.73],[34.81,46.17],[35.9,46.65],[38.22,47.1],[38.88,47.86],[39.76,47.83],[39.76,48.9],[40.14,49.25],[39.57,49.71],[38.34,49.99],[37.44,50.42],[36.68,50.26],[35.43,50.5],[33.8,52.35],[31.76,52.1]]]},"properties":{"name":"Ukraine","ISO3166-1-Alpha-3":"UKR","ISO3166-1-Alpha-2":"UA"}},
{"type":"Feature","geometry":{"type":"Polygon","coordinates":[[[23.61,51.52],[24.39,51.88],[25.77,51.93],[28.35,51.53],[30.15,51.48],[30.94,52.02],[31.76,52.1],[31.38,53.18],[32.72,53.44],[31.32,54.23],[30.91,55.57],[30.22,55.86],[28.15,56.14],[26.59,55.67],[25.53,54.35],[24.82,54.02],[23.49,53.94],[23.89,53.15],[23.61,51.52]]]},"properties":{"name":"Belarus","ISO3166-1-Alpha-3":"BLR","ISO3166-1-Alpha-2":"BY"}},
{"type":"Feature","geometry":{"type":"Polygon","coordinates":[[[16.49,-28.57],[16.89,-28.08],[17.4,-28.7],[19.08,-28.96],[19.98,-28.42],[19.98,-24.75],[19.98,-22],[20.97,-22],[20.98,-18.32],[23.31,-18.01],[23.65,-18.47],[24.18,-18.03],[25.26,-17.79],[24.22,-17.48],[23.38,-17.64],[20.81,-18.03],[18.76,-17.75],[18.45,-17.39],[16.34,-17.39],[13.94,-17.41],[13.36,-16.96],[12.55,-17.24],[11.77,-17.25],[11.85,-18.14],[13.15,-20.15],[13.39,-20.82],[14.51,-22.55],[14.47,-24.16],[14.78,-24.8],[14.84,-25.76],[15.3,-27.32],[15.68,-27.95],[16.49,-28.57]]]},"properties":{"name":"Namibia","ISO3166-1-Alpha-3":"NAM","ISO3166-1-Alpha-2":"NA"}},
{"type":"Feature","geometry":{"type":"Polygon","coordinates":[[[19.98,-24.75],[19.98,-28.42],[19.08,-28.96],[17.4,-28.7],[16.89,-28.08],[16.49,-28.57],[17.28,-30.35],[18.17,-31.66],[18.27,-32.65],[17.85,-32.83],[18.48,-33.9],[19.95,-34.81],[20.52,-34.45],[21.7,-34.39],[22.63,-34],[23.64,-33.98],[24.58,-34.18],[26.52,-33.76],[27.9,-33.04],[28.87,-32.29],[30.39,-30.85],[31.19,-29.56],[32.38,-28.55],[32.89,-26.85],[32.11,-26.84],[31.97,-27.32],[31.16,-27.21],[30.79,-26.72],[31.12,-25.91],[31.95,-25.96],[31.99,-24.42],[31.52,-23.42],[31.29,-22.4],[29.35,-22.19],[28.34,-22.58],[27,-23.65],[26.85,-24.25],[25.87,-24.75],[25.59,-25.62],[24.8,-25.83],[23.01,-25.31],[22.72,-25.98],[21.69,-26.86],[20.61,-26.69],[20.84,-26.13],[20.36,-25.03],[19.98,-24.75]],[[28.98,-28.91],[29.44,-29.34],[29.14,-29.92],[28.36,-30.16],[28.05,-30.65],[27.37,-30.31],[27.01,-29.63],[27.75,-28.91],[28.67,-28.6],[28.98,-28.91]]]},"properties":{"name":"South Africa","ISO3166-1-Alpha-3":"ZAF","ISO3166-1-Alpha-2":"ZA"}},
{"type":"Feature","geometry":{"type":"Polygon","coordinates":[[[-63.02,18.03],[-63.02,18.12],[-63.11,18.06],[-63.02,18.03]]]},"properties":{"name":"Saint Martin","ISO3166-1-Alpha-3":"MAF","ISO3166-1-Alpha-2":"MF"}},
{"type":"Feature","geometry":{"type":"Polygon","coordinates":[[[-63.11,18.06],[-63.1,18.04],[-63.02,18.03],[-63.11,18.06]]]},"properties":{"name":"Sint Maarten","ISO3166-1-Alpha-3":"SXM","ISO3166-1-Alpha-2":"SX"}},
{"type":"Feature","geometry":{"type":"Polygon","coordinates":[[[56.38,24.98],[55.81,24.34],[55.19,22.7],[55.64,21.98],[54.98,20],[51.98,19],[53.09,16.64],[54.02,16.99],[55.03,17.01],[55.45,17.84],[56.56,18.15],[56.66,18.6],[57.71,18.94],[57.86,20.26],[58.52,20.42],[59.79,22.2],[58.79,23.51],[57.15,23.95],[56.38,24.98]]]},"properties":{"name":"Oman","ISO3166-1-Alpha-3":"OMN","ISO3166-1-Alpha-2":"OM"}},
{"type":"Feature","geometry":{"type":"Polygon","coordinates":[[[70.96,40.24],[72.37,40.39],[72.62,40.88],[71.59,41.32],[71.28,41.11],[70.17,41.58],[70.95,42.25],[69.04,41.38],[68.46,40.58],[67.94,41.2],[66.69,41.2],[66.5,41.99],[66.02,42],[66.1,42.99],[64.96,43.7],[62.03,43.48],[61.04,44.38],[58.53,45.56],[55.98,45],[55.98,41.32],[57.01,41.25],[56.95,41.87],[58.61,42.78],[59.87,42.3],[60.41,41.24],[61.88,41.12],[62.45,40.01],[64.12,38.96],[65.6,38.24],[66.55,38.03],[66.52,37.36],[67.78,37.19],[68.36,38.17],[67.76,39.62],[68.52,39.55],[68.6,40.18],[70.28,40.88],[70.96,40.24]]]},"properties":{"name":"Uzbekistan","ISO3166-1-Alpha-3":"UZB","ISO3166-1-Alpha-2":"UZ"}},
{"type":"Feature","geometry":{"type":"Polygon","coordinates":[[[87.32,49.09],[86.61,49.8],[85.26,49.58],[83.43,50.99],[82.07,50.72],[80.68,51.3],[79.99,50.79],[77.87,53.27],[76.53,53.96],[75.64,54.1],[74.21,53.6],[72.07,54.22],[70.67,55.31],[68.72,55.35],[68.17,54.96],[62.55,54.03],[61.19,54.02],[61.04,52.33],[60.14,51.89],[61.47,51.43],[61.37,50.78],[59.77,50.53],[58.6,51.02],[56.51,51.07],[55.66,50.53],[53.61,51.39],[50.58,51.64],[50.33,51.3],[48.67,50.58],[47.62,50.44],[46.9,49.82],[46.48,48.41],[47.05,47.97],[48.53,47.41],[49.23,46.33],[51.19,47.12],[53.19,46.72],[53.09,46.02],[52.57,45.4],[51.4,45.33],[50.3,44.66],[51.93,42.83],[52.74,42.66],[52.44,41.75],[52.98,42.13],[54.05,42.35],[54.74,42.05],[55.43,41.29],[55.98,41.32],[55.98,45],[58.53,45.56],[61.04,44.38],[62.03,43.48],[64.96,43.7],[66.1,42.99],[66.02,42],[66.5,41.99],[66.69,41.2],[67.94,41.2],[68.46,40.58],[69.04,41.38],[70.95,42.25],[71.85,42.83],[73.41,42.59],[74.26,43.22],[75.18,42.85],[78.5,42.88],[80.21,42.19],[80.37,43.03],[80.77,43.11],[80.06,45.02],[82.29,45.53],[83.15,47.21],[84.92,46.85],[85.5,47.05],[85.78,48.41],[86.57,48.53],[87.32,49.09]],[[63.38,45.57],[62.9,46.21],[63.75,46.3],[63.38,45.57]]]},"properties":{"name":"Kazakhstan","ISO3166-1-Alpha-3":"KAZ","ISO3166-1-Alpha-2":"KZ"}},
{"type":"Feature","geometry":{"type":"Polygon","coordinates":[[[70.96,40.24],[70.28,40.88],[68.6,40.18],[68.52,39.55],[67.76,39.62],[68.36,38.17],[67.78,37.19],[68.31,37.11],[70.17,37.89],[70.97,38.47],[71.6,37.9],[71.61,36.7],[73.28,37.46],[74.89,37.23],[75.16,37.4],[74.78,38.51],[73.8,38.6],[73.63,39.45],[72.32,39.33],[71.46,39.61],[69.29,39.54],[69.31,39.99],[70.96,40.24]]]},"properties":{"name":"Tajikistan","ISO3166-1-Alpha-3":"TJK","ISO3166-1-Alpha-2":"TJ"}},
{"type":"Feature","geometry":{"type":"Polygon","coordinates":[[[26.59,55.67],[25.65,56.14],[22.09,56.42],[21.05,56.07],[21.27,55.25],[22.81,54.89],[22.77,54.36],[23.49,53.94],[24.82,54.02],[25.53,54.35],[26.59,55.67]]]},"properties":{"name":"Lithuania","ISO3166-1-Alpha-3":"LTU","ISO3166-1-Alpha-2":"LT"}},
{"type":"Feature","geometry":{"type":"MultiPolygon","coordinates":[[[[-57.6,-30.19],[-56.83,-30.1],[-56.01,-30.8],[-54.59,-31.47],[-53.13,-32.75],[-53.51,-33.1],[-53.38,-33.74],[-52.62,-33.1],[-52.13,-32.18],[-51.92,-31.31],[-51.44,-31.08],[-51.12,-30.26],[-50.32,-30.46],[-49.81,-29.44],[-48.82,-28.61],[-48.57,-27.86],[-48.68,-26.72],[-48.43,-25.62],[-47.83,-24.89],[-46.97,-24.3],[-45.08,-23.5],[-44.44,-23],[-42.06,-22.95],[-41.97,-22.54],[-40.97,-21.95],[-41.07,-21.52],[-39.71,-19.42],[-39.72,-18.52],[-39.18,-17.6],[-39.21,-17.16],[-38.86,-15.84],[-39.07,-14.67],[-39.06,-13.4],[-38.74,-12.74],[-38.32,-12.94],[-37.65,-12.05],[-36.9,-10.77],[-36.41,-10.5],[-35.15,-8.91],[-34.81,-7.91],[-34.8,-7.16],[-35.26,-5.48],[-35.51,-5.14],[-36.59,-5.1],[-37.18,-4.91],[-38.66,-3.68],[-39.99,-2.85],[-41.34,-2.92],[-42.45,-2.75],[-43.31,-2.35],[-44.37,-2.55],[-44.52,-1.85],[-46.61,-0.81],[-47.58,-0.58],[-48.15,-0.78],[-48.34,-1.32],[-48.97,-1.6],[-50.37,-1.97],[-50.82,-1.44],[-50.82,-1.03],[-52.12,-1.62],[-51.2,-0.05],[-50.79,0.17],[-49.98,1.07],[-49.91,1.66],[-50.47,1.82],[-51.09,3.38],[-51.08,3.88],[-51.68,4.04],[-52.71,2.36],[-54.13,2.11],[-54.62,2.33],[-55.02,2.59],[-56.12,2.33],[-56.48,1.94],[-57.1,2.02],[-57.56,1.71],[-58.33,1.59],[-58.52,1.27],[-59.24,1.38],[-59.76,1.92],[-60,2.69],[-59.84,3.61],[-59.53,3.93],[-60.09,4.61],[-59.98,5.09],[-60.74,5.2],[-60.61,4.9],[-61.54,4.26],[-62.77,4.02],[-64.06,3.91],[-64.22,3.12],[-64.08,1.65],[-65.14,1.13],[-66.35,0.76],[-66.88,1.22],[-67.34,2.09],[-68.16,1.72],[-69.85,1.67],[-70.07,-0.12],[-69.63,-0.51],[-69.4,-1.18],[-69.96,-4.24],[-70.83,-4.18],[-71.77,-4.48],[-72.92,-5.13],[-73.23,-6.08],[-73.13,-6.44],[-73.77,-6.9],[-73.53,-8.37],[-72.43,-9.48],[-72.2,-10.01],[-71.39,-10.01],[-70.68,-9.53],[-70.64,-11.01],[-69.58,-10.95],[-68.62,-11.11],[-67.76,-10.71],[-66.63,-9.9],[-65.3,-9.83],[-65.45,-10.47],[-65.35,-11.39],[-65,-12],[-64.4,-12.46],[-63.8,-12.45],[-62.81,-12.99],[-62.22,-13.12],[-61.85,-13.53],[-60.9,-13.55],[-60.47,-13.82],[-60.13,-16.27],[-58.46,-16.33],[-58.38,-17.27],[-57.79,-17.56],[-57.55,-18.18],[-58.16,-20.17],[-57.86,-20.73],[-57.99,-22.04],[-56.84,-22.29],[-55.89,-22.31],[-55.4,-23.98],[-54.61,-23.81],[-54.25,-24.05],[-54.6,-25.57],[-53.91,-25.63],[-53.67,-26.22],[-53.82,-27.14],[-54.83,-27.55],[-55.77,-28.23],[-56.42,-29.05],[-57.61,-30.18],[-57.6,-30.19]]],[[[-48.46,-0.58],[-48.43,-0.26],[-50.37,-0.11],[-50.78,-0.66],[-50.8,-1.42],[-50.41,-1.83],[-49.82,-1.82],[-48.84,-1.44],[-48.46,-0.58]]]]},"properties":{"name":"Brazil","ISO3166-1-Alpha-3":"BRA","ISO3166-1-Alpha-2":"BR"}},
{"type":"Feature","geometry":{"type":"Polygon","coordinates":[[[-57.6,-30.19],[-57.64,-30.19],[-58.17,-31.85],[-58.2,-32.45],[-58.39,-33.94],[-57.82,-34.48],[-57.12,-34.46],[-56.31,-34.91],[-54.94,-34.97],[-53.76,-34.39],[-53.38,-33.74],[-53.51,-33.1],[-53.13,-32.75],[-54.59,-31.47],[-56.01,-30.8],[-56.83,-30.1],[-57.6,-30.19]]]},"properties":{"name":"Uruguay","ISO3166-1-Alpha-3":"URY","ISO3166-1-Alpha-2":"UY"}},
{"type":"Feature","geometry":{"type":"Polygon","coordinates":[[[116.68,49.82],[115.37,49.9],[114.29,50.28],[113.04,49.59],[110.73,49.14],[108.54,49.33],[107.95,49.93],[106.66,50.33],[105.33,50.48],[103.6,50.13],[102.33,50.55],[102.05,51.38],[100.01,51.73],[98.86,52.11],[97.81,51],[98.29,50.52],[98.11,50.06],[97.3,49.73],[95.87,50.01],[94.62,50.02],[94.24,50.57],[91.75,50.68],[89.62,49.9],[88.87,49.44],[87.82,49.17],[87.94,48.6],[89.05,47.99],[89.54,48.03],[90.44,47.49],[91.05,46.57],[90.65,45.49],[90.91,45.19],[93.53,44.95],[94.7,44.34],[95.38,44.29],[96.35,42.74],[97.19,42.79],[99.47,42.56],[100.02,42.68],[101.64,42.52],[102.03,42.18],[103.72,41.76],[104.5,41.87],[105.01,41.6],[106.77,42.29],[109.49,42.45],[110.41,42.77],[110.93,43.29],[111.93,43.7],[111.41,44.42],[112.01,45.09],[113.64,44.75],[114.53,45.39],[115.64,45.44],[116.6,46.31],[118.24,46.72],[119.68,46.59],[119.7,47.16],[118.54,47.97],[115.85,47.71],[115.51,48.12],[116.68,49.82]]]},"properties":{"name":"Mongolia","ISO3166-1-Alpha-3":"MNG","ISO3166-1-Alpha-2":"MN"}},
{"type":"Feature","geometry":{"type":"MultiPolygon","coordinates":[[[[87.82,49.17],[88.87,49.44],[89.62,49.9],[91.75,50.68],[94.24,50.57],[94.62,50.02],[95.87,50.01],[97.3,49.73],[98.11,50.06],[98.29,50.52],[97.81,51],[98.86,52.11],[100.01,51.73],[102.05,51.38],[102.33,50.55],[103.6,50.13],[105.33,50.48],[106.66,50.33],[107.95,49.93],[108.54,49.33],[110.73,49.14],[113.04,49.59],[114.29,50.28],[115.37,49.9],[116.68,49.82],[117.76,49.51],[119.32,50.09],[119.29,50.6],[120.11,51.67],[120.78,52.12],[120.28,52.87],[120.87,53.28],[123.64,53.55],[125.62,53.06],[127.29,50.75],[127.51,49.82],[129.71,49.27],[130.53,48.64],[131.02,47.68],[132.52,47.71],[133.09,48.11],[134.39,48.38],[134.77,47.71],[134.15,47.26],[133.9,46.26],[132.95,45.02],[131.82,45.33],[131.07,44.68],[131.28,43.38],[130.53,42.53],[130.7,42.3],[132.36,43.29],[133.16,42.69],[133.93,42.88],[135.14,43.51],[135.66,44.17],[138.1,46.23],[138.53,46.99],[140.17,48.45],[140.56,49.58],[140.44,50.54],[140.71,51.33],[141.43,51.94],[141.17,52.36],[141.43,53.15],[139.82,54.22],[139.16,54.2],[138.5,53.54],[137.6,53.82],[136.88,54.59],[135.75,54.57],[135.22,54.89],[137.57,56.12],[138.66,56.98],[140.5,57.84],[140.9,58.38],[143.16,59.35],[146.44,59.46],[148.39,59.38],[149.6,59.76],[151.64,59.48],[151.36,58.86],[153.37,59.24],[155.92,60.75],[156.68,61.52],[157.46,61.78],[159.36,61.89],[160,61.11],[160.83,60.75],[164.13,62.26],[164.03,61.35],[163.35,60.8],[161.94,60.42],[159.86,59.14],[159.02,58.41],[156.93,57.66],[156.13,56.83],[155.55,55.28],[156.11,52.94],[156.72,50.89],[157.76,51.54],[158.55,52.3],[158.52,52.75],[159.92,53.28],[160.05,54.18],[162.15,54.85],[161.78,55.61],[162.14,56.13],[163.37,56.18],[162.78,56.76],[163.33,57.71],[161.99,58.09],[163.65,60.05],[165.13,60.08],[166.25,60.38],[169.17,60.57],[170.58,60.43],[172.01,60.86],[173.5,61.57],[176.59,62.49],[179.61,62.71],[178.4,64.24],[180,65.07],[180,65.57],[180,66.07],[180,66.57],[180,67.06],[180,67.56],[180,68.06],[180,68.56],[180,68.98],[178.77,69.42],[176.5,69.75],[170.61,70.12],[171.03,69.05],[170.35,68.83],[166.94,69.5],[164.03,69.77],[160.93,69.64],[159.69,69.89],[159.69,70.67],[158.52,70.97],[155.94,71.1],[152.61,70.83],[150.07,71.92],[148.4,72.31],[141.55,72.77],[138.76,71.64],[137.36,71.37],[135.99,71.63],[134.17,71.37],[132.26,71.68],[131.55,70.89],[130.3,70.94],[128.19,72.23],[127.99,73.47],[125.65,73.53],[121.05,72.93],[118.92,73.12],[118.45,73.59],[111.8,73.74],[110.02,74.01],[113.61,75.28],[113.89,75.85],[111.56,76.68],[107.25,77.01],[104.02,77.73],[99.51,76.47],[96.83,75.92],[93.55,75.85],[89.13,75.45],[87.35,75.04],[86.02,74.26],[86.78,73.9],[80.83,73.57],[80.7,72.55],[83.36,71.84],[81.74,71.7],[79.39,72.39],[76.95,72.04],[73.53,71.82],[74.32,70.52],[73.52,69.75],[74.45,68.69],[74.73,67.69],[73.49,66.82],[71.58,66.66],[73.2,67.87],[73.64,68.5],[72.58,68.94],[72.67,71.11],[72.11,71.29],[72.86,72.27],[72.5,72.79],[69.28,72.84],[68.48,71.84],[66.93,71.3],[67.32,70.78],[66.77,69.74],[69.11,68.88],[68.38,68.23],[67.06,68.78],[63.41,69.67],[60.77,69.85],[60.94,68.96],[58.88,69],[57.33,68.56],[55.39,68.56],[54.24,68.21],[53.44,68.92],[48.26,67.68],[47.73,67],[45.85,66.89],[44.95,67.32],[46.72,67.84],[45.94,68.45],[44.24,68.26],[43.76,67.22],[44.5,66.92],[44.05,66.08],[42.2,66.53],[39.71,65.4],[39.57,64.55],[37.01,65.17],[37.12,64.39],[36.29,64.01],[34.96,64.45],[34.37,65.39],[34.87,65.88],[33.48,66.73],[37.93,66.09],[40.44,66.41],[41.36,67.01],[41.02,67.7],[38.43,68.36],[35.33,69.28],[30.84,69.81],[28.95,69.03],[28.45,68.51],[30.01,67.69],[29.09,66.84],[29.9,66.11],[29.59,64.99],[30.51,63.99],[29.98,63.74],[31.57,62.91],[31.22,62.49],[29.2,61.25],[27.81,60.55],[29.09,60.18],[28.02,59.48],[27.41,58.75],[27.67,57.91],[27.35,57.53],[28.15,56.14],[30.22,55.86],[30.91,55.57],[31.32,54.23],[32.72,53.44],[31.38,53.18],[31.76,52.1],[33.8,52.35],[35.43,50.5],[36.68,50.26],[37.44,50.42],[38.34,49.99],[39.57,49.71],[40.14,49.25],[39.76,48.9],[39.76,47.83],[38.88,47.86],[38.22,47.1],[37.83,46.48],[38.3,46.22],[37.16,45.33],[37.48,44.68],[38.98,44.15],[39.99,43.39],[40.65,43.54],[41.55,43.23],[42.75,43.18],[43.8,42.75],[44.86,42.76],[46.43,41.89],[47.27,41.3],[47.87,41.21],[48.58,41.85],[47.46,43.02],[47.5,43.78],[46.7,44.45],[47.61,45.64],[48.74,45.92],[49.23,46.33],[48.53,47.41],[47.05,47.97],[46.48,48.41],[46.9,49.82],[47.62,50.44],[48.67,50.58],[50.33,51.3],[50.58,51.64],[53.61,51.39],[55.66,50.53],[56.51,51.07],[58.6,51.02],[59.77,50.53],[61.37,50.78],[61.47,51.43],[60.14,51.89],[61.04,52.33],[61.19,54.02],[62.55,54.03],[68.17,54.96],[68.72,55.35],[70.67,55.31],[72.07,54.22],[74.21,53.6],[75.64,54.1],[76.53,53.96],[77.87,53.27],[79.99,50.79],[80.68,51.3],[82.07,50.72],[83.43,50.99],[85.26,49.58],[86.61,49.8],[87.32,49.09],[87.82,49.17]]],[[[22.77,54.36],[22.81,54.89],[21.27,55.25],[20.99,55.27],[20.92,55.28],[19.61,54.46],[22.77,54.36]]],[[[33.63,46.12],[32.53,45.46],[33.62,44.93],[33.96,44.38],[35.55,45.12],[35,45.73],[33.63,46.12]]],[[[-180,65.07],[-179.28,65.63],[-176.98,65.61],[-175.77,64.94],[-173.11,64.24],[-172.16,65.42],[-170.67,65.6],[-169.7,66.13],[-171.9,66.97],[-173.55,67.09],[-174.44,66.53],[-175.29,67.67],[-178.7,68.54],[-180,68.98],[-180,68.56],[-180,68.06],[-180,67.56],[-180,67.06],[-180,66.57],[-180,66.07],[-180,65.57],[-180,65.07]]],[[[142.53,54.3],[142.58,53.5],[141.93,53.02],[141.68,51.91],[142.27,51.07],[141.97,48.86],[142.19,47.97],[141.82,46.6],[143.17,46.71],[142.55,48.02],[143.17,49.25],[144.28,49.25],[143.79,50.31],[143.12,52.34],[143.29,53.15],[142.53,54.3]]],[[[51.41,71.81],[53.25,71.46],[54.01,70.76],[55.82,70.61],[56.11,71.26],[55.34,72.07],[56.44,73.23],[54.93,73.43],[53.16,73.15],[52.33,72.07],[51.41,71.81]]],[[[56.99,74.69],[53.87,73.78],[56.58,73.26],[58.57,74.39],[62.05,75.45],[68.29,76.28],[66.94,76.95],[65.17,76.48],[61.64,76.31],[55.81,75.16],[56.99,74.69]]],[[[150.83,75.16],[146.39,75.59],[148.17,74.8],[150.83,75.16]]],[[[145.37,75.54],[141.7,76.12],[140.15,75.8],[138.14,76.12],[137.15,75.13],[139.34,74.69],[144.33,75.05],[145.37,75.54]]],[[[105.42,78.58],[102.3,79.43],[100.25,78.67],[101.21,78.19],[105.42,78.58]]],[[[99.89,79.04],[100.02,79.82],[94.94,80.07],[93.75,79.54],[95.02,79.04],[97.76,78.81],[99.89,79.04]]],[[[97.75,80.74],[95.78,81.29],[93.05,81],[92.5,80.16],[97.19,80.23],[97.75,80.74]]]]},"properties":{"name":"Russia","ISO3166-1-Alpha-3":"RUS","ISO3166-1-Alpha-2":"RU"}},
{"type":"Feature","geometry":{"type":"Polygon","coordinates":[[[14.81,50.86],[14.38,50.92],[12.34,50.26],[12.8,49.33],[13.82,48.77],[14.7,48.59],[14.98,49.01],[16.95,48.6],[18.83,49.51],[16.33,50.64],[14.81,50.86]]]},"properties":{"name":"Czechia","ISO3166-1-Alpha-3":"CZE","ISO3166-1-Alpha-2":"CZ"}},
{"type":"Feature","geometry":{"type":"Polygon","coordinates":[[[13.82,48.77],[12.8,49.33],[12.34,50.26],[14.38,50.92],[14.81,50.86],[14.64,52.58],[14.22,52.82],[14.26,53.7],[12.5,54.47],[11.18,54.02],[9.44,54.81],[8.66,54.9],[8.86,53.83],[7.19,53.25],[7.05,52.37],[6.19,51.51],[5.99,50.75],[6.12,50.12],[6.35,49.46],[8.19,48.97],[7.57,48.09],[7.59,47.58],[8.56,47.8],[9.55,47.53],[10.31,47.3],[12.74,47.67],[12.75,48.12],[13.82,48.77]]]},"properties":{"name":"Germany","ISO3166-1-Alpha-3":"DEU","ISO3166-1-Alpha-2":"DE"}},
{"type":"Feature","geometry":{"type":"Polygon","coordinates":[[[24.31,57.87],[25.17,58.06],[26.5,57.52],[27.35,57.53],[27.67,57.91],[27.41,58.75],[28.02,59.48],[25.68,59.63],[23.47,59.21],[23.49,58.67],[24.31,57.87]]]},"properties":{"name":"Estonia","ISO3166-1-Alpha-3":"EST","ISO3166-1-Alpha-2":"EE"}},
{"type":"Feature","geometry":{"type":"Polygon","coordinates":[[[27.35,57.53],[26.5,57.52],[25.17,58.06],[24.31,57.87],[24.38,57.23],[23.7,56.97],[22.48,57.74],[21.7,57.56],[21.07,56.85],[21.05,56.07],[22.09,56.42],[25.65,56.14],[26.59,55.67],[28.15,56.14],[27.35,57.53]]]},"properties":{"name":"Latvia","ISO3166-1-Alpha-3":"LVA","ISO3166-1-Alpha-2":"LV"}},
{"type":"Feature","geometry":{"type":"MultiPolygon","coordinates":[[[[20.62,69.04],[22.6,68.72],[25.65,68.88],[26.03,69.7],[27.87,70.08],[29.34,69.46],[28.95,69.03],[30.84,69.81],[31.06,70.37],[27.57,71.1],[24.86,70.93],[23.51,70.37],[21.21,70.21],[19.1,69.74],[14.22,66.98],[13.08,66.5],[12.6,65.43],[11.4,64.66],[8.79,63.43],[5.93,62.2],[5.3,62.07],[4.96,61.27],[5.3,60.19],[5.18,59.51],[6.11,59.27],[5.48,58.75],[7,58.03],[8.12,58.1],[9.43,58.89],[10.85,59.18],[11.44,58.99],[12.51,60.12],[12.26,60.98],[11.99,63.29],[12.68,63.96],[13.94,64.01],[13.64,64.58],[14.51,65.32],[14.54,66.13],[16.42,67.05],[16.13,67.42],[18.17,68.54],[19.93,68.35],[20.62,69.04]]],[[[20.21,78.64],[16.62,79.99],[10.71,79.56],[11.64,78.75],[13.86,78.21],[14.37,77.2],[16.34,76.62],[18.19,77.49],[18.99,78.47],[20.21,78.64]]],[[[27.17,80.07],[24.38,80.33],[18.01,80.19],[18.78,79.72],[22.93,79.22],[25.65,79.4],[27.17,80.07]]]]},"properties":{"name":"Norway","ISO3166-1-Alpha-3":"-99","ISO3166-1-Alpha-2":"-99"}},
{"type":"Feature","geometry":{"type":"Polygon","coordinates":[[[20.62,69.04],[19.93,68.35],[18.17,68.54],[16.13,67.42],[16.42,67.05],[14.54,66.13],[14.51,65.32],[13.64,64.58],[13.94,64.01],[12.68,63.96],[11.99,63.29],[12.26,60.98],[12.51,60.12],[11.44,58.99],[11.22,58.37],[12.38,56.91],[13,55.4],[14.36,55.52],[14.69,56.15],[15.85,56.09],[16.69,57.47],[16.46,57.89],[17.09,58.66],[18.39,59.18],[18.82,60.07],[17.24,60.7],[17.1,61.64],[19.28,63.44],[20.5,63.82],[21.49,64.49],[21.18,64.84],[22.36,65.76],[24.16,65.82],[24,66.81],[23.05,68.3],[20.62,69.04]]]},"properties":{"name":"Sweden","ISO3166-1-Alpha-3":"SWE","ISO3166-1-Alpha-2":"SE"}},
{"type":"Feature","geometry":{"type":"Polygon","coordinates":[[[28.95,69.03],[29.34,69.46],[27.87,70.08],[26.03,69.7],[25.65,68.88],[22.6,68.72],[20.62,69.04],[23.05,68.3],[24,66.81],[24.16,65.82],[25.35,65.48],[23.6,64.03],[21.62,63.2],[21.11,62.78],[21.62,61.55],[21.47,60.61],[22.63,60.38],[23.24,59.9],[27.81,60.55],[29.2,61.25],[31.22,62.49],[31.57,62.91],[29.98,63.74],[30.51,63.99],[29.59,64.99],[29.9,66.11],[29.09,66.84],[30.01,67.69],[28.45,68.51],[28.95,69.03]]]},"properties":{"name":"Finland","ISO3166-1-Alpha-3":"FIN","ISO3166-1-Alpha-2":"FI"}},
{"type":"Feature","geometry":{"type":"Polygon","coordinates":[[[107.52,14.7],[107.32,14.12],[107.6,13.54],[107.51,12.34],[106.02,11.77],[106.06,11.09],[104.45,10.42],[104.89,9.85],[104.77,8.82],[106.58,9.65],[106.79,10.39],[107.33,10.44],[109.02,11.36],[109.24,11.74],[109.2,12.65],[109.47,12.91],[108.88,15.34],[108.15,16.22],[106.76,17.34],[106.52,17.95],[105.65,18.89],[105.96,19.93],[106.57,20.23],[106.76,20.94],[107.99,21.49],[107.35,21.6],[106.72,22.01],[106.67,22.87],[105.85,22.9],[105.33,23.32],[104.73,22.84],[103.87,22.58],[103.31,22.79],[102.99,22.44],[102.44,22.77],[102.12,22.4],[102.95,21.74],[103.12,20.87],[104.06,20.96],[104.6,20.66],[104.81,19.79],[103.86,19.32],[104.72,18.79],[107.12,16.25],[107.16,15.76],[107.66,15.28],[107.52,14.7]]]},"properties":{"name":"Vietnam","ISO3166-1-Alpha-3":"VNM","ISO3166-1-Alpha-2":"VN"}},
{"type":"Feature","geometry":{"type":"Polygon","coordinates":[[[107.52,14.7],[106.79,14.32],[105.18,14.35],[104.77,14.44],[103.09,14.3],[102.33,13.28],[102.91,11.65],[103.1,10.93],[104.45,10.42],[106.06,11.09],[106.02,11.77],[107.51,12.34],[107.6,13.54],[107.32,14.12],[107.52,14.7]]]},"properties":{"name":"Cambodia","ISO3166-1-Alpha-3":"KHM","ISO3166-1-Alpha-2":"KH"}},
{"type":"Feature","geometry":{"type":"Polygon","coordinates":[[[6.12,50.12],[5.79,49.54],[6.35,49.46],[6.12,50.12]]]},"properties":{"name":"Luxembourg","ISO3166-1-Alpha-3":"LUX","ISO3166-1-Alpha-2":"LU"}},
{"type":"Feature","geometry":{"type":"Polygon","coordinates":[[[56.28,25.63],[56.08,26.06],[54.45,24.32],[53.58,24.05],[52.67,24.14],[51.81,24],[51.57,24.26],[52.58,22.93],[55.11,22.62],[55.19,22.7],[55.81,24.34],[56.38,24.98],[56.28,25.63]]]},"properties":{"name":"United Arab Emirates","ISO3166-1-Alpha-3":"ARE","ISO3166-1-Alpha-2":"AE"}},
{"type":"Feature","geometry":{"type":"Polygon","coordinates":[[[2.52,51.09],[2.79,50.72],[5.79,49.54],[6.12,50.12],[5.99,50.75],[5.84,51.14],[4.26,51.37],[4.22,51.37],[3.35,51.38],[2.52,51.09]]]},"properties":{"name":"Belgium","ISO3166-1-Alpha-3":"BEL","ISO3166-1-Alpha-2":"BE"}},
{"type":"Feature","geometry":{"type":"Polygon","coordinates":[[[39.99,43.39],[41.5,42.64],[41.77,41.82],[41.52,41.51],[42.96,41.44],[43.44,41.11],[45,41.29],[46.19,41.61],[46.43,41.89],[44.86,42.76],[43.8,42.75],[42.75,43.18],[41.55,43.23],[40.65,43.54],[39.99,43.39]]]},"properties":{"name":"Georgia","ISO3166-1-Alpha-3":"GEO","ISO3166-1-Alpha-2":"GE"}},
{"type":"Feature","geometry":{"type":"Polygon","coordinates":[[[20.57,41.87],[20.48,41.32],[20.97,40.85],[22.92,41.34],[22.84,42.01],[22.35,42.31],[21.56,42.25],[20.57,41.87]]]},"properties":{"name":"North Macedonia","ISO3166-1-Alpha-3":"MKD","ISO3166-1-Alpha-2":"MK"}},
{"type":"Feature","geometry":{"type":"Polygon","coordinates":[[[20.57,41.87],[20.06,42.55],[19.37,41.85],[19.31,40.64],[20,39.69],[20.64,40.09],[20.97,40.85],[20.48,41.32],[20.57,41.87]]]},"properties":{"name":"Albania","ISO3166-1-Alpha-3":"ALB","ISO3166-1-Alpha-2":"AL"}},
{"type":"Feature","geometry":{"type":"MultiPolygon","coordinates":[[[[45,41.29],[45.98,40.22],[45.86,39.8],[46.6,39.23],[46.51,38.88],[47.85,39.69],[48.06,38.95],[48.87,38.43],[48.97,39.18],[49.58,40.22],[49.59,40.63],[48.58,41.85],[47.87,41.21],[47.27,41.3],[46.43,41.89],[46.19,41.61],[45,41.29]]],[[[46.14,38.86],[45.77,39.35],[44.77,39.7],[44.81,39.64],[45.44,39],[46.14,38.86]]]]},"properties":{"name":"Azerbaijan","ISO3166-1-Alpha-3":"AZE","ISO3166-1-Alpha-2":"AZ"}},
{"type":"Feature","geometry":{"type":"Polygon","coordinates":[[[20.06,42.55],[20.57,41.87],[21.56,42.25],[20.84,43.17],[20.35,42.83],[20.06,42.55]]]},"properties":{"name":"Kosovo","ISO3166-1-Alpha-3":"-99","ISO3166-1-Alpha-2":"-99"}},
{"type":"Feature","geometry":{"type":"MultiPolygon","coordinates":[[[[43.44,41.11],[42.96,41.44],[41.52,41.51],[40.14,40.92],[37.5,41.04],[35.1,42.02],[33.32,42.02],[32.26,41.72],[31.25,41.11],[29.23,41.24],[28.64,40.37],[26.74,40.4],[26.15,39.94],[26.15,39.46],[27.01,38.87],[27.26,36.96],[27.99,37.04],[29.1,36.67],[29.32,36.25],[30.44,36.24],[30.69,36.89],[32.03,36.54],[32.67,36.05],[33.54,36.14],[34.77,36.82],[35.79,36.32],[35.91,35.92],[36.59,36.32],[38.19,36.91],[39.77,36.74],[40.71,37.1],[42.36,37.11],[42.77,37.37],[44.77,37.14],[44.22,37.88],[44.28,38.84],[44.06,39.4],[44.81,39.64],[44.77,39.7],[43.59,40.35],[43.44,41.11]]],[[[28.02,41.97],[27.27,42.09],[26.33,41.71],[26.64,41.38],[26.04,40.74],[27.18,40.63],[27.52,40.99],[28.98,41],[28.11,41.61],[28.02,41.97]]]]},"properties":{"name":"Turkey","ISO3166-1-Alpha-3":"TUR","ISO3166-1-Alpha-2":"TR"}},
{"type":"Feature","geometry":{"type":"Polygon","coordinates":[[[-1.79,43.39],[-4.73,43.42],[-5.42,43.56],[-7.23,43.57],[-8.06,43.71],[-9.22,43.16],[-8.75,41.97],[-8.05,41.82],[-6.66,41.93],[-6.21,41.57],[-6.82,41.05],[-6.88,40.01],[-7.31,39.46],[-7.41,37.19],[-6.5,36.96],[-6.04,36.19],[-5.36,36.14],[-5.34,36.14],[-4.43,36.71],[-2.07,36.78],[-1.67,37.36],[-0.93,37.56],[-0.33,38.47],[0.23,38.76],[-0.32,39.52],[0.99,41.04],[2.06,41.27],[3.15,41.85],[3.18,42.43],[1.71,42.5],[1.45,42.43],[1.43,42.6],[-0.04,42.69],[-1.79,43.39]]]},"properties":{"name":"Spain","ISO3166-1-Alpha-3":"ESP","ISO3166-1-Alpha-2":"ES"}},
{"type":"Feature","geometry":{"type":"Polygon","coordinates":[[[102.12,22.4],[101.52,22.23],[101.16,21.55],[100.73,21.31],[100.1,20.32],[100.54,20.07],[100.46,19.54],[101.19,19.45],[101.03,18.43],[101.13,17.46],[102.08,18.21],[102.6,17.85],[103.26,18.4],[104,18.32],[104.82,17.37],[104.75,16.53],[105.65,15.63],[105.42,14.43],[105.18,14.35],[106.79,14.32],[107.52,14.7],[107.66,15.28],[107.16,15.76],[107.12,16.25],[104.72,18.79],[103.86,19.32],[104.81,19.79],[104.6,20.66],[104.06,20.96],[103.12,20.87],[102.95,21.74],[102.12,22.4]]]},"properties":{"name":"Laos","ISO3166-1-Alpha-3":"LAO","ISO3166-1-Alpha-2":"LA"}},
{"type":"Feature","geometry":{"type":"Polygon","coordinates":[[[80.21,42.19],[78.5,42.88],[75.18,42.85],[74.26,43.22],[73.41,42.59],[71.85,42.83],[70.95,42.25],[70.17,41.58],[71.28,41.11],[71.59,41.32],[72.62,40.88],[72.37,40.39],[70.96,40.24],[69.31,39.99],[69.29,39.54],[71.46,39.61],[72.32,39.33],[73.63,39.45],[74,40.06],[74.84,40.51],[75.68,40.29],[76.45,40.42],[76.86,41.01],[78.07,41.04],[78.36,41.38],[80.21,42.19]]]},"properties":{"name":"Kyrgyzstan","ISO3166-1-Alpha-3":"KGZ","ISO3166-1-Alpha-2":"KG"}},
{"type":"Feature","geometry":{"type":"Polygon","coordinates":[[[45,41.29],[43.44,41.11],[43.59,40.35],[44.77,39.7],[45.77,39.35],[46.14,38.86],[46.51,38.88],[46.6,39.23],[45.86,39.8],[45.98,40.22],[45,41.29]]]},"properties":{"name":"Armenia","ISO3166-1-Alpha-3":"ARM","ISO3166-1-Alpha-2":"AM"}},
{"type":"Feature","geometry":{"type":"MultiPolygon","coordinates":[[[[8.66,54.9],[9.44,54.81],[9.59,55.43],[10.25,55.91],[9.97,57.59],[8.6,56.5],[8.29,55.58],[8.66,54.9]]],[[[12.04,54.89],[12.6,55.71],[12.25,56.13],[11.07,55.68],[12.04,54.89]]]]},"properties":{"name":"Denmark","ISO3166-1-Alpha-3":"DNK","ISO3166-1-Alpha-2":"DK"}},
{"type":"Feature","geometry":{"type":"Polygon","coordinates":[[[11.51,33.18],[11.44,32.37],[10.87,32.14],[10.11,31.41],[10.27,30.92],[9.52,30.23],[9.83,29.13],[9.94,27.87],[9.72,27.29],[9.84,26.5],[9.4,26.11],[9.97,25.4],[10.03,24.86],[11.57,24.27],[11.97,23.52],[13.48,23.18],[14.23,22.62],[14.98,23],[15.99,23.44],[19.16,21.87],[21.63,20.65],[23.98,19.5],[23.98,20],[24.97,19.99],[24.98,22],[24.98,25.21],[24.98,29.18],[24.69,30.14],[25.15,31.66],[24.98,31.97],[24.09,32.01],[23.1,32.32],[23.09,32.65],[21.61,32.93],[20.56,32.56],[19.92,31.72],[20.15,31.22],[19.75,30.51],[19.06,30.27],[17.37,31.09],[16.04,31.28],[15.49,31.66],[15.2,32.39],[13.35,32.9],[12.35,32.83],[11.51,33.18]]]},"properties":{"name":"Libya","ISO3166-1-Alpha-3":"LBY","ISO3166-1-Alpha-2":"LY"}},
{"type":"Feature","geometry":{"type":"Polygon","coordinates":[[[11.51,33.18],[11.11,33.55],[10.33,33.7],[10.13,34.33],[11.11,35.21],[10.61,35.86],[10.8,36.45],[10.15,37.24],[9.67,37.34],[8.6,36.94],[8.24,35.83],[8.24,34.65],[7.48,33.89],[7.75,33.21],[9.05,32.07],[9.52,30.23],[10.27,30.92],[10.11,31.41],[10.87,32.14],[11.44,32.37],[11.51,33.18]]]},"properties":{"name":"Tunisia","ISO3166-1-Alpha-3":"TUN","ISO3166-1-Alpha-2":"TN"}},
{"type":"Feature","geometry":{"type":"Polygon","coordinates":[[[22.88,47.95],[22.26,47.72],[21.16,46.32],[20.24,46.11],[20.76,45.49],[22.32,44.69],[22.69,44.23],[23.33,43.89],[25.36,43.65],[27.03,44.18],[28.58,43.74],[28.79,44.71],[29.66,45.22],[28.2,45.46],[28.04,47.02],[26.62,48.26],[25.26,47.9],[22.88,47.95]]]},"properties":{"name":"Romania","ISO3166-1-Alpha-3":"ROU","ISO3166-1-Alpha-2":"RO"}},
{"type":"Feature","geometry":{"type":"Polygon","coordinates":[[[22.88,47.95],[22.13,48.4],[20.48,48.53],[19.88,48.13],[17.83,47.75],[17.15,48.01],[16.09,46.86],[16.52,46.5],[17.35,45.96],[18.41,45.74],[18.9,45.93],[20.24,46.11],[21.16,46.32],[22.26,47.72],[22.88,47.95]]]},"properties":{"name":"Hungary","ISO3166-1-Alpha-3":"HUN","ISO3166-1-Alpha-2":"HU"}},
{"type":"Feature","geometry":{"type":"Polygon","coordinates":[[[22.54,49.07],[21.82,49.38],[18.83,49.51],[16.95,48.6],[17.15,48.01],[17.83,47.75],[19.88,48.13],[20.48,48.53],[22.13,48.4],[22.54,49.07]]]},"properties":{"name":"Slovakia","ISO3166-1-Alpha-3":"SVK","ISO3166-1-Alpha-2":"SK"}},
{"type":"Feature","geometry":{"type":"Polygon","coordinates":[[[18.83,49.51],[21.82,49.38],[22.54,49.07],[22.64,49.53],[24.11,50.54],[23.61,51.52],[23.89,53.15],[23.49,53.94],[22.77,54.36],[19.61,54.46],[18.59,54.43],[17.89,54.82],[16.22,54.28],[14.21,53.94],[14.2,53.88],[14.26,53.7],[14.22,52.82],[14.64,52.58],[14.81,50.86],[16.33,50.64],[18.83,49.51]]]},"properties":{"name":"Poland","ISO3166-1-Alpha-3":"POL","ISO3166-1-Alpha-2":"PL"}},
{"type":"Feature","geometry":{"type":"Polygon","coordinates":[[[-7.25,55.07],[-8.26,55.16],[-8.49,54.29],[-9.79,54.34],[-10.03,53.39],[-9.27,53.15],[-10.23,51.85],[-9.77,51.59],[-8.54,51.65],[-7.44,52.13],[-6.37,52.18],[-6,52.96],[-6.27,54.1],[-7.31,54.11],[-8.16,54.44],[-7.25,55.07]]]},"properties":{"name":"Ireland","ISO3166-1-Alpha-3":"IRL","ISO3166-1-Alpha-2":"IE"}},
{"type":"Feature","geometry":{"type":"MultiPolygon","coordinates":[[[[-7.25,55.07],[-8.16,54.44],[-7.31,54.11],[-6.27,54.1],[-5.54,54.66],[-6.48,55.25],[-7.25,55.07]]],[[[-2.67,51.62],[-3.06,51.21],[-4.15,51.21],[-4.79,50.6],[-3.65,50.23],[-2.86,50.73],[0.27,50.75],[1.36,51.13],[0.92,51.59],[1.77,52.49],[1.27,52.93],[0.33,53.09],[-0.56,54.48],[-1.28,54.75],[-1.63,55.59],[-2.96,56.21],[-1.76,57.47],[-3.49,57.71],[-3.2,58.66],[-4.99,58.63],[-5.6,57.28],[-5.58,55.76],[-4.62,55.5],[-5.17,55.01],[-3.96,54.77],[-3.02,53.93],[-3.06,53.43],[-4.15,53.23],[-4.2,52.28],[-5.29,51.92],[-3.54,51.4],[-2.67,51.62]]]]},"properties":{"name":"United Kingdom","ISO3166-1-Alpha-3":"GBR","ISO3166-1-Alpha-2":"GB"}},
{"type":"Feature","geometry":{"type":"MultiPolygon","coordinates":[[[[20.97,40.85],[20.64,40.09],[20,39.69],[20.69,39.07],[21.55,37.56],[21.71,36.82],[23.1,36.81],[23.17,37.61],[23.95,38.29],[23.2,38.68],[23.1,39.5],[22.57,40.05],[23.87,40.41],[24.42,40.95],[26.04,40.74],[26.64,41.38],[26.33,41.71],[25.29,41.24],[24.53,41.55],[22.92,41.34],[20.97,40.85]]],[[[26.32,35.32],[25.83,35.12],[24.72,35.43],[24.74,34.93],[26.24,35.04],[26.32,35.32]]]]},"properties":{"name":"Greece","ISO3166-1-Alpha-3":"GRC","ISO3166-1-Alpha-2":"GR"}},
{"type":"Feature","geometry":{"type":"Polygon","coordinates":[[[32.92,-9.41],[30.96,-8.55],[30.75,-8.19],[28.92,-8.47],[28.37,-9.24],[28.67,-9.82],[28.44,-11.35],[28.5,-11.86],[29.03,-12.38],[29.8,-12.15],[29.57,-13.23],[29.17,-13.43],[28.42,-12.52],[27.64,-12.29],[27.42,-11.92],[25.99,-11.9],[25.35,-11.65],[25.28,-11.2],[24.31,-11.41],[23.97,-10.87],[24,-13],[21.98,-13],[21.98,-16.17],[22.15,-16.6],[23.38,-17.64],[24.22,-17.48],[25.26,-17.79],[27.05,-17.94],[27.78,-17],[28.82,-16.47],[29.19,-15.81],[30.4,-15.64],[30.21,-14.98],[33.2,-14.01],[32.72,-13.57],[33.02,-12.61],[33.37,-12.52],[33.23,-11.42],[33.67,-10.58],[32.92,-9.41]]]},"properties":{"name":"Zambia","ISO3166-1-Alpha-3":"ZMB","ISO3166-1-Alpha-2":"ZM"}},
{"type":"Feature","geometry":{"type":"Polygon","coordinates":[[[-10.28,8.48],[-10.64,8.52],[-10.68,9.31],[-11.27,10],[-12.51,9.86],[-12.7,9.42],[-13.3,9.04],[-12.88,7.83],[-12.51,7.39],[-11.48,6.92],[-10.62,7.77],[-10.28,8.48]]]},"properties":{"name":"Sierra Leone","ISO3166-1-Alpha-3":"SLE","ISO3166-1-Alpha-2":"SL"}},
{"type":"Feature","geometry":{"type":"Polygon","coordinates":[[[-13.3,9.04],[-12.7,9.42],[-12.51,9.86],[-11.27,10],[-10.68,9.31],[-10.64,8.52],[-10.28,8.48],[-9.68,8.49],[-9.44,7.42],[-8.93,7.25],[-8.49,7.56],[-8.23,7.54],[-7.69,8.61],[-7.96,8.78],[-8.17,9.94],[-7.99,10.16],[-8.31,11],[-8.85,11.66],[-8.99,12.39],[-9.72,12.03],[-10.27,12.22],[-10.71,11.89],[-11.39,12.4],[-12.36,12.31],[-13.08,12.64],[-13.73,12.67],[-13.73,11.71],[-14.69,11.51],[-15.02,10.97],[-14.46,10.33],[-13.62,9.72],[-13.3,9.04]]]},"properties":{"name":"Guinea","ISO3166-1-Alpha-3":"GIN","ISO3166-1-Alpha-2":"GN"}},
{"type":"Feature","geometry":{"type":"Polygon","coordinates":[[[-11.48,6.92],[-10.4,6.18],[-9.28,5.15],[-8.26,4.58],[-7.54,4.35],[-7.45,5.85],[-8.57,6.55],[-8.28,7.02],[-8.49,7.56],[-8.93,7.25],[-9.44,7.42],[-9.68,8.49],[-10.28,8.48],[-10.62,7.77],[-11.48,6.92]]]},"properties":{"name":"Liberia","ISO3166-1-Alpha-3":"LBR","ISO3166-1-Alpha-2":"LR"}},
{"type":"Feature","geometry":{"type":"Polygon","coordinates":[[[22.86,10.92],[22.46,11],[21.72,10.64],[21.66,10.23],[20.36,9.12],[19.1,9.02],[19.12,8.68],[18.59,8.05],[17.68,7.99],[16.77,7.55],[15.48,7.52],[14.72,6.26],[14.52,5.28],[15.17,3.76],[16.09,2.86],[16.2,2.24],[16.57,3.46],[17.33,3.62],[18.63,3.48],[18.72,4.38],[19.08,4.91],[19.72,5.14],[20.6,4.41],[22.49,4.17],[22.9,4.82],[23.39,4.59],[24.46,5.11],[25.31,5.03],[25.58,5.37],[26.46,5.06],[27.44,5.07],[27.17,5.72],[26.53,6.04],[26.38,6.65],[25.36,7.34],[24.83,8.17],[24.17,8.69],[23.48,8.78],[23.62,9.91],[22.86,10.92]]]},"properties":{"name":"Central African Republic","ISO3166-1-Alpha-3":"CAF","ISO3166-1-Alpha-2":"CF"}},
{"type":"Feature","geometry":{"type":"Polygon","coordinates":[[[22.86,10.92],[23.62,9.91],[23.48,8.78],[24.17,8.69],[24.56,8.89],[25.08,10.29],[25.84,10.42],[26.56,9.52],[27.9,9.6],[28.84,9.32],[30.01,10.27],[30.75,9.74],[31.23,9.79],[32.41,11.05],[32.35,11.71],[33.08,11.58],[33.18,10.84],[33.9,10.19],[34.07,9.45],[34.28,10.57],[34.95,11.27],[35.62,12.58],[36.12,12.72],[36.53,14.26],[36.42,15.11],[36.94,16.25],[37,17.07],[38.34,17.66],[38.6,18],[37.43,18.86],[37.24,19.66],[37.15,21.17],[36.88,22],[34.08,22],[33.87,21.75],[33.56,21.71],[33.18,22],[31.25,21.99],[28.29,21.99],[24.98,22],[24.97,19.99],[23.98,20],[23.98,19.5],[23.98,15.72],[23.09,15.7],[22.07,13.77],[22.2,12.74],[22.59,11.99],[22.86,10.92]]]},"properties":{"name":"Sudan","ISO3166-1-Alpha-3":"SDN","ISO3166-1-Alpha-2":"SD"}},
{"type":"Feature","geometry":{"type":"Polygon","coordinates":[[[43.24,11.49],[43.41,12.24],[43.12,12.71],[42.38,12.47],[41.75,11.54],[41.8,10.97],[42.92,11],[43.24,11.49]]]},"properties":{"name":"Djibouti","ISO3166-1-Alpha-3":"DJI","ISO3166-1-Alpha-2":"DJ"}},
{"type":"Feature","geometry":{"type":"Polygon","coordinates":[[[43.12,12.71],[42.29,13.57],[41.68,13.94],[41.16,14.64],[39.72,15.26],[39.24,16.11],[38.93,17.4],[38.6,18],[38.34,17.66],[37,17.07],[36.94,16.25],[36.42,15.11],[36.53,14.26],[37.56,14.12],[37.89,14.88],[38.43,14.42],[40.1,14.47],[40.83,14.11],[42.38,12.47],[43.12,12.71]]]},"properties":{"name":"Eritrea","ISO3166-1-Alpha-3":"ERI","ISO3166-1-Alpha-2":"ER"}},
{"type":"Feature","geometry":{"type":"Polygon","coordinates":[[[16.95,48.6],[14.98,49.01],[14.7,48.59],[13.82,48.77],[12.75,48.12],[12.74,47.67],[10.31,47.3],[9.55,47.53],[9.52,47.26],[9.58,47.06],[10.45,46.86],[12.11,46.99],[12.41,46.69],[13.7,46.52],[14.5,46.42],[16.09,46.86],[17.15,48.01],[16.95,48.6]]]},"properties":{"name":"Austria","ISO3166-1-Alpha-3":"AUT","ISO3166-1-Alpha-2":"AT"}},
{"type":"Feature","geometry":{"type":"Polygon","coordinates":[[[44.77,37.14],[42.77,37.37],[42.36,37.11],[41.41,36.53],[41.2,34.77],[40.69,34.33],[38.77,33.37],[39.15,32.12],[40.42,31.92],[42.08,31.08],[44.69,29.2],[46.53,29.1],[47.11,29.96],[47.95,29.99],[48.53,29.96],[47.67,30.99],[47.83,31.76],[47.4,32.34],[46.27,32.96],[45.66,33.68],[45.5,34.59],[46.17,35.19],[45.81,35.81],[44.99,36.53],[44.77,37.14]]]},"properties":{"name":"Iraq","ISO3166-1-Alpha-3":"IRQ","ISO3166-1-Alpha-2":"IQ"}},
{"type":"Feature","geometry":{"type":"MultiPolygon","coordinates":[[[[7.02,45.93],[7.03,44.24],[7.5,43.79],[8.76,44.43],[10.11,44.02],[10.5,42.94],[13.04,41.23],[13.72,41.25],[14.75,40.68],[14.91,40.24],[15.61,40.07],[16.22,38.9],[15.65,38.24],[16.09,37.95],[17.13,38.93],[17.16,39.41],[16.52,39.69],[17.05,40.52],[18.01,40.65],[16.02,41.43],[16.03,41.94],[15.12,41.93],[14.08,42.6],[13.62,43.53],[12.37,44.25],[12.49,45.46],[13.71,45.59],[13.7,46.52],[12.41,46.69],[12.11,46.99],[10.45,46.86],[10.13,46.41],[8.43,46.25],[7.83,45.91],[7.02,45.93]],[[12.43,43.89],[12.39,43.92],[12.42,43.97],[12.49,43.94],[12.43,43.89]],[[12.453,41.903],[12.453,41.904],[12.454,41.904],[12.454,41.903],[12.453,41.903]]],[[[15.53,38.3],[13.79,37.97],[13.31,38.22],[12.43,37.8],[14.49,36.79],[15.11,37.32],[15.53,38.3]]],[[[9.79,40.56],[9.55,41.12],[8.13,40.73],[8.56,39.85],[8.37,39.23],[9.56,39.14],[9.79,40.56]]]]},"properties":{"name":"Italy","ISO3166-1-Alpha-3":"ITA","ISO3166-1-Alpha-2":"IT"}},
{"type":"Feature","geometry":{"type":"Polygon","coordinates":[[[10.45,46.86],[9.58,47.06],[9.48,47.18],[9.52,47.26],[9.55,47.53],[8.56,47.8],[7.59,47.58],[6.06,46.47],[6.76,46.43],[7.02,45.93],[7.83,45.91],[8.43,46.25],[10.13,46.41],[10.45,46.86]]]},"properties":{"name":"Switzerland","ISO3166-1-Alpha-3":"CHE","ISO3166-1-Alpha-2":"CH"}},
{"type":"Feature","geometry":{"type":"Polygon","coordinates":[[[44.81,39.64],[44.06,39.4],[44.28,38.84],[44.22,37.88],[44.77,37.14],[44.99,36.53],[45.81,35.81],[46.17,35.19],[45.5,34.59],[45.66,33.68],[46.27,32.96],[47.4,32.34],[47.83,31.76],[47.67,30.99],[48.53,29.96],[50.14,29.94],[50.66,29.45],[51.38,27.99],[52.01,27.83],[53.72,26.71],[54.8,26.5],[56.35,27.2],[56.97,26.97],[57.33,25.78],[60.36,25.33],[61.59,25.2],[61.86,26.24],[62.75,26.64],[62.74,27.99],[61.65,28.76],[60.84,29.86],[61.79,30.83],[61.66,31.38],[60.86,31.48],[60.49,34.09],[61.07,34.81],[61.27,35.62],[61.08,36.65],[60.34,36.64],[58.86,37.67],[57.35,37.97],[57.04,38.19],[55.42,38.08],[54.78,37.52],[53.91,37.34],[53.49,36.89],[51.91,36.58],[51.09,36.74],[50.15,37.4],[49.01,37.74],[48.87,38.43],[48.06,38.95],[47.85,39.69],[46.51,38.88],[46.14,38.86],[45.44,39],[44.81,39.64]]]},"properties":{"name":"Iran","ISO3166-1-Alpha-3":"IRN","ISO3166-1-Alpha-2":"IR"}},
{"type":"Feature","geometry":{"type":"Polygon","coordinates":[[[7.19,53.25],[5.98,53.41],[4.75,52.97],[4.14,52.01],[4.26,51.37],[5.84,51.14],[5.99,50.75],[6.19,51.51],[7.05,52.37],[7.19,53.25]]]},"properties":{"name":"Netherlands","ISO3166-1-Alpha-3":"NLD","ISO3166-1-Alpha-2":"NL"}},
{"type":"Feature","geometry":{"type":"Polygon","coordinates":[[[9.52,47.26],[9.48,47.18],[9.58,47.06],[9.52,47.26]]]},"properties":{"name":"Liechtenstein","ISO3166-1-Alpha-3":"LIE","ISO3166-1-Alpha-2":"LI"}},
{"type":"Feature","geometry":{"type":"Polygon","coordinates":[[[-7.99,10.16],[-8.17,9.94],[-7.96,8.78],[-7.69,8.61],[-8.23,7.54],[-8.49,7.56],[-8.28,7.02],[-8.57,6.55],[-7.45,5.85],[-7.54,4.35],[-5.85,5.03],[-4.13,5.31],[-2.84,5.15],[-3.26,6.62],[-2.84,7.82],[-2.51,8.21],[-2.69,9.49],[-3.66,9.95],[-4.27,9.74],[-4.97,9.9],[-5.52,10.43],[-6.96,10.19],[-7.71,10.4],[-7.99,10.16]]]},"properties":{"name":"Ivory Coast","ISO3166-1-Alpha-3":"CIV","ISO3166-1-Alpha-2":"CI"}},
{"type":"Feature","geometry":{"type":"Polygon","coordinates":[[[20.24,46.11],[18.9,45.93],[19.02,44.87],[19.62,44.04],[19.2,43.53],[20.35,42.83],[20.84,43.17],[21.56,42.25],[22.35,42.31],[22.94,43.09],[22.35,43.81],[22.69,44.23],[22.32,44.69],[20.76,45.49],[20.24,46.11]]]},"properties":{"name":"Republic of Serbia","ISO3166-1-Alpha-3":"SRB","ISO3166-1-Alpha-2":"RS"}},
{"type":"Feature","geometry":{"type":"Polygon","coordinates":[[[-12.26,14.77],[-12,13.54],[-11.45,13.08],[-11.39,12.4],[-10.71,11.89],[-10.27,12.22],[-9.72,12.03],[-8.99,12.39],[-8.85,11.66],[-8.31,11],[-7.99,10.16],[-7.71,10.4],[-6.96,10.19],[-5.52,10.43],[-5.17,11.94],[-4.41,12.31],[-3.98,13.4],[-3.25,13.29],[-2.84,14.04],[-2.02,14.2],[-0.75,15.07],[0.22,14.91],[0.97,14.99],[1.33,15.28],[3.51,15.35],[4.18,16.42],[4.23,19.14],[3.31,18.98],[3.22,19.79],[1.78,20.3],[1.15,21.1],[-2.52,23.5],[-4.82,25],[-6.59,24.99],[-6.22,21.82],[-5.96,19.62],[-5.62,16.53],[-5.35,16.31],[-5.51,15.5],[-9.35,15.5],[-9.84,15.37],[-11.73,15.54],[-11.84,14.89],[-12.26,14.77]]]},"properties":{"name":"Mali","ISO3166-1-Alpha-3":"MLI","ISO3166-1-Alpha-2":"ML"}},
{"type":"Feature","geometry":{"type":"Polygon","coordinates":[[[-12.26,14.77],[-14.34,16.64],[-16.33,16.47],[-16.54,15.81],[-17.18,14.65],[-16.56,13.59],[-15.52,13.58],[-15.83,13.16],[-16.75,13.07],[-16.73,12.33],[-15.68,12.44],[-15.2,12.68],[-13.73,12.67],[-13.08,12.64],[-12.36,12.31],[-11.39,12.4],[-11.45,13.08],[-12,13.54],[-12.26,14.77]]]},"properties":{"name":"Senegal","ISO3166-1-Alpha-3":"SEN","ISO3166-1-Alpha-2":"SN"}},
{"type":"Feature","geometry":{"type":"Polygon","coordinates":[[[3.6,11.7],[3.84,10.6],[3.51,9.85],[2.77,9.06],[2.67,7.89],[2.7,6.37],[4.41,6.36],[5.01,5.85],[5.59,4.64],[6.1,4.28],[7.17,4.61],[8.3,4.55],[8.59,4.82],[8.86,5.85],[10.12,6.99],[10.6,7.06],[11.51,6.61],[12.2,7.98],[12.25,8.42],[12.81,8.83],[12.86,9.38],[13.98,11.28],[14.59,11.5],[14.67,12.17],[14.18,12.39],[14.06,13.08],[13.61,13.7],[12.88,13.5],[12.47,13.06],[11.44,13.36],[10.67,13.38],[9.64,12.82],[8.68,12.92],[7.76,13.33],[6.91,13.01],[6.37,13.63],[5.55,13.87],[4.51,13.69],[3.65,12.53],[3.6,11.7]]]},"properties":{"name":"Nigeria","ISO3166-1-Alpha-3":"NGA","ISO3166-1-Alpha-2":"NG"}},
{"type":"Feature","geometry":{"type":"Polygon","coordinates":[[[3.6,11.7],[2.84,12.4],[2.39,11.9],[2.01,11.43],[1.43,11.46],[0.9,10.99],[0.77,10.37],[1.33,10],[1.6,9.05],[1.62,6.21],[2.7,6.37],[2.67,7.89],[2.77,9.06],[3.51,9.85],[3.84,10.6],[3.6,11.7]]]},"properties":{"name":"Benin","ISO3166-1-Alpha-3":"BEN","ISO3166-1-Alpha-2":"BJ"}},
{"type":"Feature","geometry":{"type":"MultiPolygon","coordinates":[[[[13.07,-4.64],[12.76,-4.39],[12.01,-5.02],[12.21,-5.76],[13.07,-4.64]]],[[[23.97,-10.87],[23.01,-11.1],[22.17,-10.85],[22.31,-10.37],[21.85,-9.62],[21.94,-8.41],[21.78,-7.28],[20.52,-7.29],[20.29,-7],[19.52,-7],[19.36,-8],[17.54,-8.02],[17,-7.3],[16.6,-5.92],[16.32,-5.85],[13.18,-5.86],[12.28,-6.15],[12.82,-6.95],[13.37,-8.32],[13,-9.09],[13.75,-10.65],[13.85,-11.11],[13.64,-12.25],[12.51,-13.44],[12.27,-14.75],[11.74,-15.9],[11.77,-17.25],[12.55,-17.24],[13.36,-16.96],[13.94,-17.41],[16.34,-17.39],[18.45,-17.39],[18.76,-17.75],[20.81,-18.03],[23.38,-17.64],[22.15,-16.6],[21.98,-16.17],[21.98,-13],[24,-13],[23.97,-10.87]]]]},"properties":{"name":"Angola","ISO3166-1-Alpha-3":"AGO","ISO3166-1-Alpha-2":"AO"}},
{"type":"Feature","geometry":{"type":"MultiPolygon","coordinates":[[[[16.52,46.5],[15.66,46.22],[15.67,45.83],[14.67,45.53],[13.59,45.49],[14.83,45.11],[15.14,44.2],[16.1,43.48],[16.88,43.41],[17.58,42.94],[15.72,44.79],[15.78,45.16],[16.93,45.28],[19.02,44.87],[18.9,45.93],[18.41,45.74],[17.35,45.96],[16.52,46.5]]],[[[18.44,42.56],[17.65,42.89],[18.5,42.42],[18.44,42.56]]]]},"properties":{"name":"Croatia","ISO3166-1-Alpha-3":"HRV","ISO3166-1-Alpha-2":"HR"}},
{"type":"Feature","geometry":{"type":"Polygon","coordinates":[[[13.59,45.49],[14.67,45.53],[15.67,45.83],[15.66,46.22],[16.52,46.5],[16.09,46.86],[14.5,46.42],[13.7,46.52],[13.71,45.59],[13.59,45.49]]]},"properties":{"name":"Slovenia","ISO3166-1-Alpha-3":"SVN","ISO3166-1-Alpha-2":"SI"}},
{"type":"Feature","geometry":{"type":"Polygon","coordinates":[[[50.81,24.75],[51.22,24.63],[51.62,25.14],[51.58,25.88],[51.05,26.05],[50.75,25.42],[50.81,24.75]]]},"properties":{"name":"Qatar","ISO3166-1-Alpha-3":"QAT","ISO3166-1-Alpha-2":"QA"}},
{"type":"Feature","geometry":{"type":"Polygon","coordinates":[[[50.81,24.75],[50.1,25.99],[49.7,26.96],[48.61,28.13],[48.43,28.54],[47.67,28.53],[47.43,28.99],[46.53,29.1],[44.69,29.2],[42.08,31.08],[40.42,31.92],[39.15,32.12],[36.96,31.49],[37.98,30.5],[37.47,29.99],[36.76,29.87],[36.02,29.19],[34.95,29.35],[34.63,28.16],[35.05,28.12],[37.23,25.19],[37.46,24.44],[38.6,23.57],[39.14,22.39],[39.08,21.32],[39.65,20.46],[40.52,19.97],[41.72,17.91],[42.3,17.45],[42.79,16.37],[43.21,16.77],[43.17,17.33],[45.17,17.43],[46.97,16.96],[47.43,17.09],[48.16,18.15],[49.13,18.61],[51.98,19],[54.98,20],[55.64,21.98],[55.19,22.7],[55.11,22.62],[52.58,22.93],[51.57,24.26],[51.22,24.63],[50.81,24.75]]]},"properties":{"name":"Saudi Arabia","ISO3166-1-Alpha-3":"SAU","ISO3166-1-Alpha-2":"SA"}},
{"type":"Feature","geometry":{"type":"Polygon","coordinates":[[[25.26,-17.79],[24.18,-18.03],[23.65,-18.47],[23.31,-18.01],[20.98,-18.32],[20.97,-22],[19.98,-22],[19.98,-24.75],[20.36,-25.03],[20.84,-26.13],[20.61,-26.69],[21.69,-26.86],[22.72,-25.98],[23.01,-25.31],[24.8,-25.83],[25.59,-25.62],[25.87,-24.75],[26.85,-24.25],[27,-23.65],[28.34,-22.58],[29.35,-22.19],[29.04,-21.8],[27.99,-21.55],[27.7,-20.51],[26.13,-19.5],[25.94,-18.92],[25.26,-17.79]]]},"properties":{"name":"Botswana","ISO3166-1-Alpha-3":"BWA","ISO3166-1-Alpha-2":"BW"}},
{"type":"Feature","geometry":{"type":"Polygon","coordinates":[[[25.26,-17.79],[25.94,-18.92],[26.13,-19.5],[27.7,-20.51],[27.99,-21.55],[29.04,-21.8],[29.35,-22.19],[31.29,-22.4],[32.41,-21.29],[32.47,-20.69],[33.03,-19.78],[32.77,-19.36],[33,-18.47],[32.89,-16.71],[31.91,-16.43],[31.26,-16.02],[30.4,-16],[30.4,-15.64],[29.19,-15.81],[28.82,-16.47],[27.78,-17],[27.05,-17.94],[25.26,-17.79]]]},"properties":{"name":"Zimbabwe","ISO3166-1-Alpha-3":"ZWE","ISO3166-1-Alpha-2":"ZW"}},
{"type":"Feature","geometry":{"type":"Polygon","coordinates":[[[76.78,35.65],[76.17,35.81],[75.98,36.46],[75.35,36.92],[74.54,37.02],[74.09,36.83],[72.57,36.82],[71.63,36.46],[71.17,36.03],[71.63,35.2],[71.08,34.67],[71.05,34.04],[70,34.04],[70.29,33.32],[69.55,33.08],[69,31.65],[68.13,31.81],[67.35,31.21],[66.37,30.92],[66.2,29.84],[64.09,29.39],[62.48,29.41],[60.84,29.86],[61.65,28.76],[62.74,27.99],[62.75,26.64],[61.86,26.24],[61.59,25.2],[64.66,25.23],[66.44,25.6],[66.68,24.83],[67.18,24.76],[67.63,23.8],[68.18,23.84],[68.73,24.29],[69.97,24.17],[71.06,24.68],[70.65,25.43],[70.06,25.98],[70.16,26.53],[69.47,26.81],[70.34,28.01],[70.83,27.7],[71.86,27.95],[72.38,28.78],[72.9,29.02],[73.37,29.93],[74.33,30.9],[74.49,31.71],[75.02,32.47],[74,33.18],[74,34.2],[74.29,34.77],[75.78,34.5],[77.05,35.11],[76.78,35.65]]]},"properties":{"name":"Pakistan","ISO3166-1-Alpha-3":"PAK","ISO3166-1-Alpha-2":"PK"}},
{"type":"Feature","geometry":{"type":"Polygon","coordinates":[[[26.33,41.71],[27.27,42.09],[28.02,41.97],[28.09,43.36],[28.58,43.74],[27.03,44.18],[25.36,43.65],[23.33,43.89],[22.69,44.23],[22.35,43.81],[22.94,43.09],[22.35,42.31],[22.84,42.01],[22.92,41.34],[24.53,41.55],[25.29,41.24],[26.33,41.71]]]},"properties":{"name":"Bulgaria","ISO3166-1-Alpha-3":"BGR","ISO3166-1-Alpha-2":"BG"}},
{"type":"Feature","geometry":{"type":"Polygon","coordinates":[[[102.91,11.65],[102.33,13.28],[103.09,14.3],[104.77,14.44],[105.18,14.35],[105.42,14.43],[105.65,15.63],[104.75,16.53],[104.82,17.37],[104,18.32],[103.26,18.4],[102.6,17.85],[102.08,18.21],[101.13,17.46],[101.03,18.43],[101.19,19.45],[100.46,19.54],[100.54,20.07],[100.1,20.32],[99.01,19.85],[97.84,19.56],[97.77,17.68],[98.63,16.46],[98.56,15.36],[98.16,15.13],[98.55,14.38],[99.15,13.71],[99.21,12.73],[99.63,11.82],[98.77,10.69],[98.75,10.35],[98.33,9.2],[98.6,8.37],[99.69,7.12],[100.13,6.44],[101.08,6.25],[101.11,5.64],[102.07,6.26],[101.57,6.83],[101,6.86],[100.4,7.21],[100.22,8.45],[99.85,9.29],[99.18,9.64],[99.15,10.36],[100.02,12.19],[99.96,12.63],[100.29,13.51],[100.95,13.47],[100.84,12.71],[101.83,12.67],[102.91,11.65]]]},"properties":{"name":"Thailand","ISO3166-1-Alpha-3":"THA","ISO3166-1-Alpha-2":"TH"}},
{"type":"Feature","geometry":{"type":"Polygon","coordinates":[[[12.43,43.89],[12.49,43.94],[12.42,43.97],[12.39,43.92],[12.43,43.89]]]},"properties":{"name":"San Marino","ISO3166-1-Alpha-3":"SMR","ISO3166-1-Alpha-2":"SM"}},
{"type":"Feature","geometry":{"type":"Polygon","coordinates":[[[-71.76,19.71],[-72.78,19.94],[-72.81,19.05],[-72.55,18.79],[-72.89,18.14],[-71.78,18.04],[-71.91,18.43],[-71.64,19.21],[-71.76,19.71]]]},"properties":{"name":"Haiti","ISO3166-1-Alpha-3":"HTI","ISO3166-1-Alpha-2":"HT"}},
{"type":"Feature","geometry":{"type":"Polygon","coordinates":[[[-71.76,19.71],[-71.64,19.21],[-71.91,18.43],[-71.78,18.04],[-70.16,18.24],[-69.88,18.47],[-68.85,18.37],[-68.74,18.96],[-69.61,19.09],[-69.9,19.64],[-71,19.94],[-71.76,19.71]]]},"properties":{"name":"Dominican Republic","ISO3166-1-Alpha-3":"DOM","ISO3166-1-Alpha-2":"DO"}},
{"type":"Feature","geometry":{"type":"Polygon","coordinates":[[[14.06,13.08],[14.83,12.62],[15.14,11.53],[15.07,10.79],[15.54,10.08],[14.18,9.98],[13.95,9.64],[15.18,8.48],[15.48,7.52],[16.77,7.55],[17.68,7.99],[18.59,8.05],[19.12,8.68],[19.1,9.02],[20.36,9.12],[21.66,10.23],[21.72,10.64],[22.46,11],[22.86,10.92],[22.59,11.99],[22.2,12.74],[22.07,13.77],[23.09,15.7],[23.98,15.72],[23.98,19.5],[21.63,20.65],[19.16,21.87],[15.99,23.44],[14.98,23],[15.18,21.51],[15.95,20.37],[15.74,19.9],[15.45,16.88],[14.37,15.75],[13.45,14.38],[13.61,13.7],[14.06,13.08]]]},"properties":{"name":"Chad","ISO3166-1-Alpha-3":"TCD","ISO3166-1-Alpha-2":"TD"}},
{"type":"Feature","geometry":{"type":"Polygon","coordinates":[[[47.95,29.99],[47.11,29.96],[46.53,29.1],[47.43,28.99],[47.67,28.53],[48.43,28.54],[47.95,29.99]]]},"properties":{"name":"Kuwait","ISO3166-1-Alpha-3":"KWT","ISO3166-1-Alpha-2":"KW"}},
{"type":"Feature","geometry":{"type":"Polygon","coordinates":[[[-90.1,13.73],[-88.79,13.25],[-87.82,13.41],[-89.36,14.42],[-90.1,13.73]]]},"properties":{"name":"El Salvador","ISO3166-1-Alpha-3":"SLV","ISO3166-1-Alpha-2":"SV"}},
{"type":"Feature","geometry":{"type":"Polygon","coordinates":[[[-89.36,14.42],[-89.17,15.04],[-88.22,15.73],[-88.91,15.89],[-89.24,15.89],[-89.16,17.81],[-90.99,17.8],[-91.07,16.92],[-90.4,16.35],[-90.49,16.07],[-91.72,16.07],[-92.2,15.29],[-92.25,14.55],[-91.32,13.96],[-90.1,13.73],[-89.36,14.42]]]},"properties":{"name":"Guatemala","ISO3166-1-Alpha-3":"GTM","ISO3166-1-Alpha-2":"GT"}},
{"type":"Feature","geometry":{"type":"Polygon","coordinates":[[[124.92,-8.96],[125.06,-9.49],[127.01,-8.68],[126.97,-8.31],[125.14,-8.63],[124.92,-8.96]]]},"properties":{"name":"East Timor","ISO3166-1-Alpha-3":"TLS","ISO3166-1-Alpha-2":"TL"}},
{"type":"Feature","geometry":{"type":"Polygon","coordinates":[[[114.98,4.89],[114,4.6],[114.59,4.02],[114.98,4.89]]]},"properties":{"name":"Brunei","ISO3166-1-Alpha-3":"BRN","ISO3166-1-Alpha-2":"BN"}},
{"type":"Feature","geometry":{"type":"Polygon","coordinates":[[[7.44,43.74],[7.41,43.76],[7.37,43.72],[7.44,43.74]]]},"properties":{"name":"Monaco","ISO3166-1-Alpha-3":"MCO","ISO3166-1-Alpha-2":"MC"}},
{"type":"Feature","geometry":{"type":"Polygon","coordinates":[[[-4.82,25],[-2.52,23.5],[1.15,21.1],[1.78,20.3],[3.22,19.79],[3.31,18.98],[4.23,19.14],[5.84,19.48],[7.48,20.87],[9.72,22.19],[11.97,23.52],[11.57,24.27],[10.03,24.86],[9.97,25.4],[9.4,26.11],[9.84,26.5],[9.72,27.29],[9.94,27.87],[9.83,29.13],[9.52,30.23],[9.05,32.07],[7.75,33.21],[7.48,33.89],[8.24,34.65],[8.24,35.83],[8.6,36.94],[7.38,37.08],[5.3,36.64],[4.79,36.9],[3.83,36.91],[1.04,36.49],[-2.22,35.09],[-1.79,34.76],[-1.67,33.24],[-1.25,32.08],[-2.52,32.13],[-2.83,31.79],[-3.66,31.65],[-3.65,30.71],[-4.37,30.51],[-5.76,29.61],[-7.62,29.39],[-8.68,28.67],[-8.68,27.66],[-8.68,27.29],[-4.82,25]]]},"properties":{"name":"Algeria","ISO3166-1-Alpha-3":"DZA","ISO3166-1-Alpha-2":"DZ"}},
{"type":"Feature","geometry":{"type":"Polygon","coordinates":[[[32.11,-26.84],[32.89,-26.85],[32.87,-25.54],[35.11,-24.6],[35.39,-23.84],[35.5,-22.14],[34.68,-20.35],[34.88,-19.86],[35.66,-19.13],[36.24,-18.88],[37.09,-17.87],[37.91,-17.36],[39.09,-16.98],[39.7,-16.53],[40.57,-15.5],[40.84,-14.46],[40.54,-13.66],[40.44,-10.47],[40.01,-10.81],[38.49,-11.41],[37.88,-11.32],[37.43,-11.72],[34.96,-11.57],[34.35,-12.2],[34.55,-13.33],[34.89,-13.53],[35.85,-14.67],[35.8,-16],[35.21,-16.48],[34.39,-16.19],[34.57,-15.27],[34.34,-14.39],[33.6,-14.52],[33.2,-14.01],[30.21,-14.98],[30.4,-15.64],[30.4,-16],[31.26,-16.02],[31.91,-16.43],[32.89,-16.71],[33,-18.47],[32.77,-19.36],[33.03,-19.78],[32.47,-20.69],[32.41,-21.29],[31.29,-22.4],[31.52,-23.42],[31.99,-24.42],[31.95,-25.96],[32.11,-26.84]]]},"properties":{"name":"Mozambique","ISO3166-1-Alpha-3":"MOZ","ISO3166-1-Alpha-2":"MZ"}},
{"type":"Feature","geometry":{"type":"Polygon","coordinates":[[[31.95,-25.96],[31.12,-25.91],[30.79,-26.72],[31.16,-27.21],[31.97,-27.32],[32.11,-26.84],[31.95,-25.96]]]},"properties":{"name":"eSwatini","ISO3166-1-Alpha-3":"SWZ","ISO3166-1-Alpha-2":"SZ"}},
{"type":"Feature","geometry":{"type":"Polygon","coordinates":[[[30.55,-2.4],[29.7,-2.81],[29.02,-2.72],[29.23,-3.05],[29.4,-4.45],[30,-4.27],[30.83,-3.17],[30.55,-2.4]]]},"properties":{"name":"Burundi","ISO3166-1-Alpha-3":"BDI","ISO3166-1-Alpha-2":"BI"}},
{"type":"Feature","geometry":{"type":"Polygon","coordinates":[[[29.02,-2.72],[29.7,-2.81],[30.55,-2.4],[30.83,-1.59],[30.47,-1.07],[29.58,-1.39],[28.86,-2.42],[29.02,-2.72]]]},"properties":{"name":"Rwanda","ISO3166-1-Alpha-3":"RWA","ISO3166-1-Alpha-2":"RW"}},
{"type":"Feature","geometry":{"type":"Polygon","coordinates":[[[92.58,21.98],[92.27,21.06],[92.77,20.2],[93.37,20.09],[93.99,19.39],[94.48,18.09],[94.57,17.31],[94.22,16.16],[95.4,15.72],[95.76,16.15],[96.62,16.52],[97.07,17.25],[97.55,16.54],[97.79,14.88],[98.69,12.71],[98.75,10.35],[98.77,10.69],[99.63,11.82],[99.21,12.73],[99.15,13.71],[98.55,14.38],[98.16,15.13],[98.56,15.36],[98.63,16.46],[97.77,17.68],[97.84,19.56],[99.01,19.85],[100.1,20.32],[100.73,21.31],[101.16,21.55],[99.95,21.72],[99.36,22.5],[99.22,23.06],[98.5,24.12],[97.71,24.13],[97.54,24.75],[98.69,25.88],[98.68,27.58],[97.53,28.53],[97.32,28.22],[96.76,27.34],[96.14,27.26],[95.12,26.6],[95.14,26.03],[94.61,25.39],[94.71,25.03],[94,23.92],[93.46,23.96],[93.17,22.25],[92.58,21.98]]]},"properties":{"name":"Myanmar","ISO3166-1-Alpha-3":"MMR","ISO3166-1-Alpha-2":"MM"}},
{"type":"Feature","geometry":{"type":"Polygon","coordinates":[[[92.58,21.98],[92.36,23.29],[91.54,22.98],[91.14,23.61],[91.36,24.1],[92.11,24.41],[92.46,24.95],[92,25.18],[90.36,25.15],[89.8,25.37],[89.83,25.91],[88.66,26.42],[88.07,25.91],[88.43,25.17],[88.02,24.65],[88.74,24.29],[88.54,23.65],[89.06,22.13],[89.1,21.82],[90.18,21.8],[90.61,22.31],[91.46,22.78],[92.27,21.06],[92.58,21.98]]]},"properties":{"name":"Bangladesh","ISO3166-1-Alpha-3":"BGD","ISO3166-1-Alpha-2":"BD"}},
{"type":"Feature","geometry":{"type":"Polygon","coordinates":[[[1.71,42.5],[1.43,42.6],[1.45,42.43],[1.71,42.5]]]},"properties":{"name":"Andorra","ISO3166-1-Alpha-3":"AND","ISO3166-1-Alpha-2":"AD"}},
{"type":"Feature","geometry":{"type":"Polygon","coordinates":[[[74.54,37.02],[74.89,37.23],[73.28,37.46],[71.61,36.7],[71.6,37.9],[70.97,38.47],[70.17,37.89],[68.31,37.11],[67.78,37.19],[66.52,37.36],[65.67,37.52],[64.76,37.09],[64.27,36.15],[63.34,35.86],[62.62,35.22],[61.27,35.62],[61.07,34.81],[60.49,34.09],[60.86,31.48],[61.66,31.38],[61.79,30.83],[60.84,29.86],[62.48,29.41],[64.09,29.39],[66.2,29.84],[66.37,30.92],[67.35,31.21],[68.13,31.81],[69,31.65],[69.55,33.08],[70.29,33.32],[70,34.04],[71.05,34.04],[71.08,34.67],[71.63,35.2],[71.17,36.03],[71.63,36.46],[72.57,36.82],[74.09,36.83],[74.54,37.02]]]},"properties":{"name":"Afghanistan","ISO3166-1-Alpha-3":"AFG","ISO3166-1-Alpha-2":"AF"}},
{"type":"Feature","geometry":{"type":"Polygon","coordinates":[[[18.5,42.42],[19.37,41.85],[20.06,42.55],[20.35,42.83],[19.2,43.53],[18.45,42.99],[18.44,42.56],[18.5,42.42]]]},"properties":{"name":"Montenegro","ISO3166-1-Alpha-3":"MNE","ISO3166-1-Alpha-2":"ME"}},
{"type":"Feature","geometry":{"type":"Polygon","coordinates":[[[17.65,42.89],[18.44,42.56],[18.45,42.99],[19.2,43.53],[19.62,44.04],[19.02,44.87],[16.93,45.28],[15.78,45.16],[15.72,44.79],[17.58,42.94],[17.65,42.89]]]},"properties":{"name":"Bosnia and Herzegovina","ISO3166-1-Alpha-3":"BIH","ISO3166-1-Alpha-2":"BA"}},
{"type":"Feature","geometry":{"type":"Polygon","coordinates":[[[30.47,-1.07],[30.83,-1],[33.9,-1],[33.89,0.11],[34.98,1.68],[34.92,2.48],[34.43,3.18],[33.98,4.22],[33.53,3.77],[33.02,3.88],[31.94,3.59],[31.14,3.79],[30.84,3.49],[30.72,2.44],[31.24,2.05],[29.93,0.79],[29.71,0.1],[29.58,-1.39],[30.47,-1.07]]]},"properties":{"name":"Uganda","ISO3166-1-Alpha-3":"UGA","ISO3166-1-Alpha-2":"UG"}},
{"type":"Feature","geometry":{"type":"Polygon","coordinates":[[[-75.1,19.9],[-75.14,19.97],[-75.16,19.91],[-75.1,19.9]]]},"properties":{"name":"US Naval Base Guantanamo Bay","ISO3166-1-Alpha-3":"-99","ISO3166-1-Alpha-2":"-99"}},
{"type":"Feature","geometry":{"type":"Polygon","coordinates":[[[-75.1,19.9],[-74.27,20.07],[-75,20.7],[-75.78,20.75],[-77.51,21.86],[-78.78,22.39],[-79.34,22.41],[-80.02,22.95],[-82.03,23.2],[-83.21,23],[-84.02,22.68],[-83.42,22.19],[-82.63,22.68],[-81.88,22.68],[-81.82,22.19],[-79.25,21.55],[-78.77,21.64],[-78.07,20.71],[-77.11,20.51],[-77.74,19.86],[-76.25,19.99],[-75.23,19.9],[-75.16,19.97],[-75.14,19.97],[-75.1,19.9]]]},"properties":{"name":"Cuba","ISO3166-1-Alpha-3":"CUB","ISO3166-1-Alpha-2":"CU"}},
{"type":"Feature","geometry":{"type":"Polygon","coordinates":[[[-89.36,14.42],[-87.82,13.41],[-87.31,12.98],[-86.7,13.31],[-86.1,14.04],[-85.82,13.85],[-84.77,14.81],[-84.48,14.62],[-83.13,15],[-83.77,15.29],[-84.29,15.81],[-85.7,15.98],[-86.88,15.76],[-87.72,15.92],[-88.22,15.73],[-89.17,15.04],[-89.36,14.42]]]},"properties":{"name":"Honduras","ISO3166-1-Alpha-3":"HND","ISO3166-1-Alpha-2":"HN"}},
{"type":"Feature","geometry":{"type":"Polygon","coordinates":[[[-78.83,1.43],[-78.96,1.16],[-80.08,0.82],[-80.07,0.05],[-80.85,-1.62],[-80.66,-2.42],[-79.95,-3.2],[-80.34,-3.39],[-80.08,-4.31],[-79.01,-4.96],[-78.36,-3.49],[-77.85,-2.98],[-76.68,-2.57],[-75.56,-1.5],[-75.28,-0.11],[-76.05,0.36],[-76.9,0.25],[-77.42,0.41],[-78.83,1.43]]]},"properties":{"name":"Ecuador","ISO3166-1-Alpha-3":"ECU","ISO3166-1-Alpha-2":"EC"}},
{"type":"Feature","geometry":{"type":"Polygon","coordinates":[[[-78.83,1.43],[-77.42,0.41],[-76.9,0.25],[-76.05,0.36],[-75.28,-0.11],[-74.82,-0.17],[-74.29,-0.94],[-73.64,-1.26],[-72.94,-2.42],[-72.4,-2.45],[-71.77,-2.14],[-70.87,-2.23],[-70.05,-2.72],[-70.73,-3.78],[-69.96,-4.24],[-69.4,-1.18],[-69.63,-0.51],[-70.07,-0.12],[-69.85,1.67],[-68.16,1.72],[-67.34,2.09],[-66.88,1.22],[-67.33,2.47],[-67.84,2.89],[-67.3,3.43],[-67.87,4.51],[-67.84,5.3],[-67.57,6.27],[-69.44,6.12],[-70.1,6.94],[-72.08,7.07],[-72.45,7.44],[-72.39,8.34],[-73.01,9.3],[-72.91,10.45],[-71.97,11.66],[-71.33,11.85],[-71.66,12.47],[-72.26,11.89],[-73.29,11.29],[-74.19,11.32],[-74.84,11.11],[-75.51,10.59],[-75.66,9.71],[-76.67,8.68],[-77.37,8.66],[-77.2,7.98],[-77.9,7.24],[-77.34,6.54],[-77.25,5.79],[-77.43,4],[-77.2,3.62],[-77.75,2.63],[-78.43,2.59],[-78.83,1.43]]]},"properties":{"name":"Colombia","ISO3166-1-Alpha-3":"COL","ISO3166-1-Alpha-2":"CO"}},
{"type":"Feature","geometry":{"type":"Polygon","coordinates":[[[-62.65,-22.23],[-61.96,-23.03],[-61.01,-23.81],[-60.03,-24.01],[-58.81,-24.78],[-57.75,-25.18],[-57.56,-25.46],[-58.65,-27.16],[-57.18,-27.49],[-56.12,-27.3],[-54.71,-26.44],[-54.6,-25.57],[-54.25,-24.05],[-54.61,-23.81],[-55.4,-23.98],[-55.89,-22.31],[-56.84,-22.29],[-57.99,-22.04],[-57.86,-20.73],[-58.16,-20.17],[-58.18,-19.82],[-59.09,-19.29],[-60.01,-19.3],[-61.76,-19.66],[-62.28,-20.58],[-62.65,-22.23]]]},"properties":{"name":"Paraguay","ISO3166-1-Alpha-3":"PRY","ISO3166-1-Alpha-2":"PY"}},
{"type":"Feature","geometry":{"type":"Polygon","coordinates":[[[-57.64,-30.19],[-57.6,-30.19],[-57.61,-30.18],[-57.64,-30.19]]]},"properties":{"name":"Brazilian Island","ISO3166-1-Alpha-3":"-99","ISO3166-1-Alpha-2":"-99"}},
{"type":"Feature","geometry":{"type":"Polygon","coordinates":[[[-7.41,37.19],[-7.31,39.46],[-6.88,40.01],[-6.82,41.05],[-6.21,41.57],[-6.66,41.93],[-8.05,41.82],[-8.75,41.97],[-8.66,40.99],[-9.49,38.71],[-8.91,38.51],[-8.63,37.12],[-7.41,37.19]]]},"properties":{"name":"Portugal","ISO3166-1-Alpha-3":"PRT","ISO3166-1-Alpha-2":"PT"}},
{"type":"Feature","geometry":{"type":"Polygon","coordinates":[[[26.62,48.26],[28.04,47.02],[28.2,45.46],[29.73,46.46],[29.56,47.32],[29.12,47.98],[27.75,48.45],[26.62,48.26]]]},"properties":{"name":"Moldova","ISO3166-1-Alpha-3":"MDA","ISO3166-1-Alpha-2":"MD"}},
{"type":"Feature","geometry":{"type":"Polygon","coordinates":[[[61.27,35.62],[62.62,35.22],[63.34,35.86],[64.27,36.15],[64.76,37.09],[65.67,37.52],[66.52,37.36],[66.55,38.03],[65.6,38.24],[64.12,38.96],[62.45,40.01],[61.88,41.12],[60.41,41.24],[59.87,42.3],[58.61,42.78],[56.95,41.87],[57.01,41.25],[55.98,41.32],[55.43,41.29],[54.74,42.05],[54.05,42.35],[52.98,42.13],[52.44,41.75],[53.12,42.09],[53.9,42.08],[54.64,40.84],[52.74,40.48],[52.88,39.94],[53.98,38.9],[53.91,37.34],[54.78,37.52],[55.42,38.08],[57.04,38.19],[57.35,37.97],[58.86,37.67],[60.34,36.64],[61.08,36.65],[61.27,35.62]]]},"properties":{"name":"Turkmenistan","ISO3166-1-Alpha-3":"TKM","ISO3166-1-Alpha-2":"TM"}},
{"type":"Feature","geometry":{"type":"Polygon","coordinates":[[[35.76,32.74],[35.56,32.38],[35.46,31.49],[34.96,29.56],[34.95,29.35],[36.02,29.19],[36.76,29.87],[37.47,29.99],[37.98,30.5],[36.96,31.49],[39.15,32.12],[38.77,33.37],[36.82,32.32],[35.76,32.74]]]},"properties":{"name":"Jordan","ISO3166-1-Alpha-3":"JOR","ISO3166-1-Alpha-2":"JO"}},
{"type":"Feature","geometry":{"type":"Polygon","coordinates":[[[88.12,27.86],[87.16,27.83],[86.66,28.11],[85.98,27.89],[85.68,28.31],[85.08,28.32],[83.52,29.19],[81.59,30.41],[81,30.2],[80.37,29.76],[80.04,28.84],[81.15,28.37],[82.75,27.49],[84.58,27.33],[84.8,27.01],[85.82,26.57],[87.33,26.35],[88.07,26.45],[88.12,27.86]]]},"properties":{"name":"Nepal","ISO3166-1-Alpha-3":"NPL","ISO3166-1-Alpha-2":"NP"}},
{"type":"Feature","geometry":{"type":"Polygon","coordinates":[[[28.98,-28.91],[28.67,-28.6],[27.75,-28.91],[27.01,-29.63],[27.37,-30.31],[28.05,-30.65],[28.36,-30.16],[29.14,-29.92],[29.44,-29.34],[28.98,-28.91]]]},"properties":{"name":"Lesotho","ISO3166-1-Alpha-3":"LSO","ISO3166-1-Alpha-2":"LS"}},
{"type":"Feature","geometry":{"type":"Polygon","coordinates":[[[11.32,2.17],[11.35,2.3],[13.29,2.16],[14.56,2.21],[15.76,1.91],[16.2,2.24],[16.09,2.86],[15.17,3.76],[14.52,5.28],[14.72,6.26],[15.48,7.52],[15.18,8.48],[13.95,9.64],[14.18,9.98],[15.54,10.08],[15.07,10.79],[15.14,11.53],[14.83,12.62],[14.06,13.08],[14.18,12.39],[14.67,12.17],[14.59,11.5],[13.98,11.28],[12.86,9.38],[12.81,8.83],[12.25,8.42],[12.2,7.98],[11.51,6.61],[10.6,7.06],[10.12,6.99],[8.86,5.85],[8.59,4.82],[8.97,4.1],[9.9,3.27],[9.8,2.34],[9.99,2.17],[11.32,2.17]]]},"properties":{"name":"Cameroon","ISO3166-1-Alpha-3":"CMR","ISO3166-1-Alpha-2":"CM"}},
{"type":"Feature","geometry":{"type":"Polygon","coordinates":[[[13.29,2.16],[11.35,2.3],[11.32,2.17],[11.34,1],[9.8,1],[9.27,-0.41],[8.8,-0.73],[9.24,-1.79],[9.9,-2.7],[11.11,-3.94],[11.83,-3.55],[11.56,-2.35],[12.46,-2.33],[12.8,-1.92],[13.36,-2.43],[13.77,-2.12],[14.23,-2.32],[14.48,-1.39],[14.5,-0.63],[13.87,0.2],[14.47,0.91],[14.18,1.38],[13.25,1.22],[13.29,2.16]]]},"properties":{"name":"Gabon","ISO3166-1-Alpha-3":"GAB","ISO3166-1-Alpha-2":"GA"}},
{"type":"Feature","geometry":{"type":"Polygon","coordinates":[[[3.6,11.7],[3.65,12.53],[4.51,13.69],[5.55,13.87],[6.37,13.63],[6.91,13.01],[7.76,13.33],[8.68,12.92],[9.64,12.82],[10.67,13.38],[11.44,13.36],[12.47,13.06],[12.88,13.5],[13.61,13.7],[13.45,14.38],[14.37,15.75],[15.45,16.88],[15.74,19.9],[15.95,20.37],[15.18,21.51],[14.98,23],[14.23,22.62],[13.48,23.18],[11.97,23.52],[9.72,22.19],[7.48,20.87],[5.84,19.48],[4.23,19.14],[4.18,16.42],[3.51,15.35],[1.33,15.28],[0.97,14.99],[0.22,14.91],[0.15,14.55],[0.97,13.07],[2.07,12.31],[2.39,11.9],[2.84,12.4],[3.6,11.7]]]},"properties":{"name":"Niger","ISO3166-1-Alpha-3":"NER","ISO3166-1-Alpha-2":"NE"}},
{"type":"Feature","geometry":{"type":"Polygon","coordinates":[[[2.39,11.9],[2.07,12.31],[0.97,13.07],[0.15,14.55],[0.22,14.91],[-0.75,15.07],[-2.02,14.2],[-2.84,14.04],[-3.25,13.29],[-3.98,13.4],[-4.41,12.31],[-5.17,11.94],[-5.52,10.43],[-4.97,9.9],[-4.27,9.74],[-3.66,9.95],[-2.69,9.49],[-2.93,10.63],[-2.75,10.99],[-0.52,10.99],[-0.17,11.13],[0.9,10.99],[1.43,11.46],[2.01,11.43],[2.39,11.9]]]},"properties":{"name":"Burkina Faso","ISO3166-1-Alpha-3":"BFA","ISO3166-1-Alpha-2":"BF"}},
{"type":"Feature","geometry":{"type":"Polygon","coordinates":[[[-0.17,11.13],[-0.09,10.63],[0.37,10.3],[0.37,8.77],[0.62,8.49],[0.52,6.83],[1.19,6.1],[1.62,6.21],[1.6,9.05],[1.33,10],[0.77,10.37],[0.9,10.99],[-0.17,11.13]]]},"properties":{"name":"Togo","ISO3166-1-Alpha-3":"TGO","ISO3166-1-Alpha-2":"TG"}},
{"type":"Feature","geometry":{"type":"Polygon","coordinates":[[[-0.17,11.13],[-0.52,10.99],[-2.75,10.99],[-2.93,10.63],[-2.69,9.49],[-2.51,8.21],[-2.84,7.82],[-3.26,6.62],[-2.84,5.15],[-3.12,5.11],[-3.12,5.09],[-2.09,4.74],[-0.8,5.21],[1.19,6.1],[0.52,6.83],[0.62,8.49],[0.37,8.77],[0.37,10.3],[-0.09,10.63],[-0.17,11.13]]]},"properties":{"name":"Ghana","ISO3166-1-Alpha-3":"GHA","ISO3166-1-Alpha-2":"GH"}},
{"type":"Feature","geometry":{"type":"Polygon","coordinates":[[[-13.73,12.67],[-15.2,12.68],[-15.68,12.44],[-16.73,12.33],[-15.02,10.97],[-14.69,11.51],[-13.73,11.71],[-13.73,12.67]]]},"properties":{"name":"Guinea-Bissau","ISO3166-1-Alpha-3":"GNB","ISO3166-1-Alpha-2":"GW"}},
{"type":"Feature","geometry":{"type":"Polygon","coordinates":[[[-5.36,36.14],[-5.35,36.12],[-5.34,36.12],[-5.34,36.14],[-5.36,36.14]]]},"properties":{"name":"Gibraltar","ISO3166-1-Alpha-3":"GIB","ISO3166-1-Alpha-2":"GI"}},
{"type":"Feature","geometry":{"type":"MultiPolygon","coordinates":[[[[-122.75,48.99],[-122.79,48.08],[-124.73,48.17],[-123.9,46.44],[-124.15,43.88],[-124.55,42.85],[-124.06,41.44],[-124.36,40.26],[-123.85,39.83],[-123.65,38.85],[-122.97,38.27],[-122.4,37.19],[-121.79,36.81],[-121.9,36.31],[-120.64,35.14],[-120.47,34.45],[-119.62,34.42],[-118.54,34.04],[-117.51,33.34],[-117.13,32.53],[-114.82,32.5],[-111.07,31.33],[-108.21,31.33],[-108.22,31.78],[-106.52,31.77],[-105.01,30.68],[-104.53,29.67],[-103.15,28.99],[-102.68,29.74],[-101.41,29.77],[-100.67,29.12],[-100.28,28.3],[-99.51,27.57],[-99.09,26.41],[-98.22,26.08],[-97.14,25.97],[-97.55,27.01],[-97.02,28.04],[-95.6,28.76],[-94.89,29.38],[-93.2,29.77],[-92.28,29.53],[-91.68,29.75],[-91.23,29.24],[-90.08,29.17],[-88.93,30.44],[-87.79,30.24],[-87.16,30.47],[-85.67,30.12],[-85.31,29.69],[-84.27,30.09],[-83.68,29.92],[-82.64,28.9],[-82.84,27.83],[-81.8,26.1],[-81.32,25.78],[-81.09,25.12],[-80.43,25.22],[-80.13,25.89],[-80.04,26.81],[-80.74,28.37],[-80.61,28.61],[-81.26,29.79],[-81.5,30.7],[-81.36,31.42],[-80.89,32.07],[-79.2,33.19],[-78.56,33.87],[-77.91,33.96],[-77.2,34.65],[-76.66,34.72],[-76.44,35.4],[-75.72,35.83],[-75.99,36.91],[-76.38,37.27],[-76.22,38.34],[-75.15,38.24],[-74.17,39.7],[-73.63,41.01],[-72.78,41.27],[-71.5,41.37],[-70.53,41.82],[-70.82,42.87],[-70.24,43.7],[-69.26,43.93],[-68.99,44.42],[-67.9,44.42],[-66.98,44.82],[-67.18,45.18],[-67.77,45.83],[-67.81,47.04],[-68.2,47.34],[-69.27,47.44],[-70.01,46.7],[-70.41,45.73],[-71.5,45.01],[-74.71,45],[-75.27,44.86],[-76.84,43.63],[-78.69,43.63],[-79.17,43.46],[-79.02,42.8],[-80.25,42.37],[-81.28,42.21],[-82.42,41.68],[-83.13,42.24],[-82.51,42.65],[-82.15,43.55],[-82.53,45.29],[-84.59,46.48],[-84.88,46.9],[-88.35,48.3],[-89.34,47.98],[-91.43,48.04],[-92.65,48.54],[-94.59,48.73],[-95.18,48.99],[-98.47,48.99],[-102.87,48.99],[-105.95,48.99],[-110.56,48.99],[-114.52,48.99],[-119.58,48.99],[-122.75,48.99]]],[[[-141.01,69.65],[-143.24,70.12],[-144.94,69.98],[-149.34,70.51],[-151.98,70.45],[-152.55,70.89],[-154.54,70.83],[-156.82,71.31],[-158.04,70.84],[-162.01,70.28],[-163.16,69.36],[-164.35,68.93],[-166.24,68.87],[-166.55,68.36],[-164.15,67.62],[-163.69,67.1],[-162.44,66.99],[-161.61,66.45],[-161.92,66.04],[-163.68,66.08],[-164.72,66.56],[-168.08,65.59],[-166.19,64.59],[-162.61,64.51],[-161.42,64.77],[-160.79,63.75],[-163.09,63.06],[-164.58,63.14],[-166.2,61.59],[-164.67,60.83],[-164.99,60.34],[-163.61,59.8],[-162.53,60],[-161.71,59.5],[-161.36,58.73],[-160.35,59.07],[-159.05,58.42],[-157.5,58.46],[-157.71,57.57],[-158.95,56.84],[-160.37,56.28],[-160.52,55.94],[-161.83,55.88],[-162.88,54.94],[-160.48,55.49],[-158.32,56.17],[-156.34,57.42],[-154.17,58.22],[-153.33,58.93],[-154.08,59.38],[-152.74,59.91],[-151.88,59.79],[-151.74,59.17],[-150.33,59.48],[-149.34,60.02],[-148.4,59.99],[-148.31,60.9],[-145.69,60.66],[-143.92,60],[-142.8,60.11],[-140.32,59.7],[-138.18,59.03],[-136.6,58.22],[-135.84,58.53],[-134.5,58.35],[-133.39,57.34],[-130.89,55.72],[-130.02,55.91],[-132.11,56.86],[-133.46,58.46],[-135.48,59.79],[-136.47,59.29],[-137.61,59.24],[-139.18,60.07],[-141,60.32],[-141,64.55],[-141,66.59],[-141.01,69.65]]],[[[-152.16,57.63],[-152.49,57.91],[-153.92,57.81],[-154.81,57.35],[-153.96,56.75],[-152.16,57.63]]],[[[-135.85,57.39],[-134.81,57.5],[-134.92,58.03],[-135.81,58.27],[-136.39,57.89],[-135.85,57.39]]],[[[-154.9,19.57],[-155.33,20.05],[-156.06,19.73],[-155.88,19.03],[-154.9,19.57]]]]},"properties":{"name":"United States of America","ISO3166-1-Alpha-3":"USA","ISO3166-1-Alpha-2":"US"}},
{"type":"Feature","geometry":{"type":"MultiPolygon","coordinates":[[[[-122.75,48.99],[-119.58,48.99],[-114.52,48.99],[-110.56,48.99],[-105.95,48.99],[-102.87,48.99],[-98.47,48.99],[-95.18,48.99],[-94.59,48.73],[-92.65,48.54],[-91.43,48.04],[-89.34,47.98],[-88.35,48.3],[-84.88,46.9],[-84.59,46.48],[-82.53,45.29],[-82.15,43.55],[-82.51,42.65],[-83.13,42.24],[-82.42,41.68],[-81.28,42.21],[-80.25,42.37],[-79.02,42.8],[-79.17,43.46],[-78.69,43.63],[-76.84,43.63],[-75.27,44.86],[-74.71,45],[-73.96,45.35],[-72.99,46.21],[-71.35,46.74],[-69.93,47.77],[-69.07,48.76],[-68.12,49.27],[-67.38,49.34],[-66.54,50.22],[-60.06,50.25],[-58.95,51.04],[-57.25,51.51],[-55.68,52.11],[-56.06,52.77],[-56.04,53.58],[-57.15,53.74],[-58.19,54.36],[-59.01,55.15],[-60.35,55.58],[-61.83,56.38],[-61.89,57.62],[-62.58,58.5],[-64.15,59.68],[-65.41,59.42],[-66.11,58.78],[-67.65,58.25],[-68.79,58.92],[-69.45,58.9],[-70.11,61.06],[-71.4,61.15],[-71.65,61.65],[-73.67,62.48],[-74.42,62.25],[-77.49,62.59],[-78.15,62.3],[-77.71,61.62],[-78.17,60.87],[-77.28,60.03],[-78.47,58.72],[-77.08,57.96],[-76.59,57.27],[-76.66,56.07],[-78.39,55.03],[-79.68,54.69],[-79.13,54.11],[-78.52,52.48],[-78.84,51.84],[-79.7,51.39],[-81.39,52.13],[-82.3,52.97],[-82.13,53.81],[-82.46,55.14],[-85.13,55.3],[-87.62,56.1],[-88.92,56.85],[-91.03,57.26],[-92.22,57.02],[-93.19,58.76],[-94.81,59.02],[-94.71,60.27],[-93.5,61.86],[-92.26,62.56],[-90.64,63.07],[-90.97,63.58],[-88.04,64.18],[-86.94,65.14],[-87.38,65.33],[-85.86,66.16],[-83.69,66.2],[-81.53,67],[-81.24,67.46],[-82.37,68.36],[-81.27,68.64],[-82.58,69.67],[-85.33,69.79],[-85.22,69.13],[-86.5,67.38],[-87.33,67.17],[-88.37,67.98],[-88.02,68.81],[-89.33,69.25],[-90,68.38],[-91.55,70.14],[-92.91,70.9],[-92.99,71.36],[-94.55,72],[-96.62,70.83],[-96.49,70.1],[-94.32,69.45],[-94.86,68.03],[-96.47,67.55],[-100.72,67.85],[-101.53,67.68],[-104.48,68.03],[-106.2,68.94],[-108.28,68.62],[-108.6,67.63],[-110.42,67.95],[-112.42,67.68],[-115.53,67.93],[-114.2,68.57],[-114.99,68.87],[-118.04,69.02],[-121.43,69.77],[-125.03,69.75],[-125.94,69.41],[-127.14,70.25],[-129.17,69.83],[-130.32,70.14],[-133.63,69.4],[-134.41,69.66],[-137.19,68.95],[-139.14,69.51],[-141.01,69.65],[-141,66.59],[-141,64.55],[-141,60.32],[-139.18,60.07],[-137.61,59.24],[-136.47,59.29],[-135.48,59.79],[-133.46,58.46],[-132.11,56.86],[-130.02,55.91],[-129.96,55.27],[-130.46,54.35],[-129.33,53.4],[-128.55,53.14],[-127.8,52.26],[-127.78,51.17],[-126.24,50.5],[-124.61,50.23],[-123.09,48.99],[-123.04,48.99],[-122.75,48.99]]],[[[-67.18,45.18],[-66.75,45.06],[-65.32,45.46],[-66.21,44.11],[-65.46,43.53],[-63.72,44.46],[-61.07,45.22],[-61.47,45.68],[-62.47,45.61],[-63.81,45.89],[-64.51,46.24],[-64.91,46.89],[-64.83,47.82],[-64.22,48.89],[-65.57,49.27],[-66.62,49.12],[-69.05,48.23],[-70.53,47.01],[-73.14,46.06],[-73.56,45.41],[-74.71,45],[-71.5,45.01],[-70.41,45.73],[-70.01,46.7],[-69.27,47.44],[-68.2,47.34],[-67.81,47.04],[-67.77,45.83],[-67.18,45.18]]],[[[-52.63,47.53],[-53.85,47.71],[-53.64,48.17],[-54.04,49.48],[-55.22,49.26],[-55.94,49.61],[-56.15,50.16],[-55.49,51.39],[-56.72,51.32],[-57.46,50.48],[-58.7,48.55],[-59.4,47.88],[-59.11,47.56],[-58.1,47.7],[-56.78,47.53],[-55.97,47.76],[-55.25,46.92],[-54.01,47.81],[-53.57,47.16],[-52.63,47.53]]],[[[-132.58,53.21],[-132.01,53.25],[-131.69,53.99],[-133.04,54.16],[-132.58,53.21]]],[[[-95.21,68.86],[-97.93,69.9],[-99.42,68.89],[-96.3,68.48],[-95.21,68.86]]],[[[-100.87,69.81],[-104.59,71.07],[-104.38,71.6],[-105.33,72.75],[-106.82,73.31],[-110.08,73],[-110.73,72.57],[-114.58,73.38],[-117.37,72.92],[-118.59,72.43],[-119.05,71.63],[-117.59,70.61],[-113.99,70.72],[-114.18,70.32],[-117.44,69.99],[-115.97,69.3],[-113.58,69.2],[-112.58,68.51],[-108.95,68.74],[-105.89,69.18],[-103.38,68.78],[-101.96,68.97],[-102.05,69.48],[-100.87,69.81]]],[[[-72.95,66.73],[-74.35,66.23],[-73.72,65.77],[-74.5,65.34],[-76.68,65.41],[-77.96,65.05],[-77.76,64.34],[-74.71,64.38],[-73.45,64.59],[-71.37,63.05],[-68.55,62.25],[-66.27,61.86],[-65.93,62.2],[-68.15,63.16],[-68.5,63.74],[-65.17,62.57],[-64.48,63.29],[-64.68,63.74],[-66.65,64.97],[-67.17,65.93],[-66.96,66.54],[-64.9,65.28],[-63.5,65.37],[-61.95,66.02],[-61.27,66.6],[-62,67.04],[-63.89,67.24],[-64.72,67.99],[-66.21,68.01],[-68.13,68.84],[-67.12,69.73],[-68.36,70.58],[-70.52,70.94],[-72.47,71.65],[-73.25,71.33],[-75.06,72.13],[-75.2,72.5],[-77.6,72.76],[-79.28,72.39],[-80.56,72.63],[-81.53,73.72],[-84.84,73.39],[-86.71,73.85],[-89.05,73.25],[-90.1,71.92],[-89.45,70.91],[-87.85,70.24],[-85.78,70],[-81.07,70.1],[-78.89,69.89],[-75.69,69.29],[-72.99,68.17],[-72.35,67.12],[-72.95,66.73]]],[[[-115.32,73.51],[-118.07,74.28],[-121.58,74.56],[-124.76,74.35],[-123.77,73.77],[-125.75,72.15],[-123.1,71.08],[-120.64,71.49],[-120.2,72.22],[-115.32,73.51]]],[[[-123.32,48.5],[-123.81,49.12],[-124.79,49.47],[-125.44,50.31],[-127.2,50.62],[-128.32,50.61],[-126.57,49.41],[-124.67,48.57],[-123.32,48.5]]],[[[-80.18,63.77],[-81.77,64.51],[-84.1,65.21],[-85.2,65.81],[-86.03,65.67],[-86.41,64.44],[-85.62,63.67],[-84.59,63.32],[-82.53,63.97],[-81.02,63.45],[-80.18,63.77]]],[[[-75.03,68.17],[-76.69,68.26],[-76.98,67.24],[-75.07,67.55],[-75.03,68.17]]],[[[-80.9,73.61],[-79.95,72.85],[-76.32,72.82],[-78.14,73.67],[-80.9,73.61]]],[[[-96.32,72.47],[-97.66,73.04],[-97.57,73.89],[-100.89,73.83],[-100.11,73.03],[-100.64,72.19],[-99.24,71.35],[-96.56,71.84],[-96.32,72.47]]],[[[-90.29,73.92],[-93.27,74.18],[-95.25,74.01],[-95.59,72.7],[-91.86,72.85],[-90.29,73.92]]],[[[-93.44,74.94],[-94.39,75.6],[-96.6,75.06],[-94.72,74.63],[-93.44,74.94]]],[[[-97.42,75.52],[-97.67,76.49],[-100.27,76.65],[-102.04,76.41],[-100.22,75.67],[-100.33,75.01],[-98.04,75.03],[-97.42,75.52]]],[[[-105.4,75.67],[-105.76,75.99],[-112.43,76.17],[-115.51,76.46],[-117.67,75.29],[-113.69,74.44],[-106.01,75.06],[-105.4,75.67]]],[[[-79.56,74.99],[-81.11,75.78],[-83.92,75.81],[-86.2,75.42],[-88.25,75.48],[-91.44,76.69],[-95.77,77.08],[-95.82,76.4],[-93.13,76.37],[-91.62,74.71],[-87.64,74.46],[-81.79,74.46],[-79.56,74.99]]],[[[-119.32,76.2],[-115.89,76.7],[-118.82,77.36],[-122.86,76.18],[-119.32,76.2]]],[[[-105.61,79.1],[-103.5,78.51],[-99.56,78.6],[-103.72,79.36],[-105.61,79.1]]],[[[-96.62,80.04],[-95.65,79.39],[-92.95,78.44],[-88.77,78.19],[-84.92,79.3],[-86.97,79.88],[-87.7,80.41],[-90.64,80.57],[-92.24,81.26],[-95.23,81.02],[-96.62,80.04]]],[[[-61.09,82.33],[-69.48,83.05],[-79.34,82.98],[-82.71,82.38],[-91.71,81.73],[-89.83,81.01],[-86.44,80.32],[-86.45,79.75],[-84.33,79.19],[-87.48,78.45],[-88.18,77.8],[-87.47,77.11],[-89.17,76.42],[-85.25,76.32],[-78.14,76.53],[-79.43,77.24],[-77.98,77.82],[-75.58,78.11],[-74.47,79.23],[-71.14,79.79],[-68.28,80.76],[-64.69,81.39],[-61.09,82.33]]],[[[-60.08,45.79],[-60.6,47.03],[-61.54,46.04],[-61.33,45.57],[-60.08,45.79]]],[[[-64.32,49.79],[-63.59,49.39],[-62.25,49.07],[-61.88,49.35],[-63.37,49.83],[-64.32,49.79]]]]},"properties":{"name":"Canada","ISO3166-1-Alpha-3":"CAN","ISO3166-1-Alpha-2":"CA"}},
{"type":"Feature","geometry":{"type":"Polygon","coordinates":[[[-97.14,25.97],[-98.22,26.08],[-99.09,26.41],[-99.51,27.57],[-100.28,28.3],[-100.67,29.12],[-101.41,29.77],[-102.68,29.74],[-103.15,28.99],[-104.53,29.67],[-105.01,30.68],[-106.52,31.77],[-108.22,31.78],[-108.21,31.33],[-111.07,31.33],[-114.82,32.5],[-117.13,32.53],[-116.68,31.55],[-116.07,30.81],[-115.7,29.76],[-114.97,29.38],[-114.04,28.46],[-114.49,27.24],[-112.34,26.18],[-112.08,25.71],[-112.09,24.77],[-110.31,23.54],[-109.48,23.56],[-110.66,24.81],[-111.31,25.78],[-111.56,26.7],[-112.77,27.86],[-112.9,28.48],[-114.66,30.18],[-114.85,31.53],[-113.05,31.16],[-113.13,30.81],[-112.15,28.96],[-111.25,28.05],[-110.59,27.84],[-110.55,27.38],[-109.26,26.5],[-109.44,25.79],[-108.45,25.27],[-108,24.65],[-107.04,23.98],[-105.8,22.64],[-105.63,21.96],[-105.18,21.44],[-105.7,20.41],[-105.02,19.37],[-103.98,18.87],[-103.5,18.33],[-102.19,17.92],[-101.01,17.25],[-99.74,16.73],[-98.86,16.53],[-97.77,15.98],[-96.56,15.66],[-95.43,15.98],[-94.85,16.43],[-94.13,16.22],[-92.82,15.17],[-92.25,14.55],[-92.2,15.29],[-91.72,16.07],[-90.49,16.07],[-90.4,16.35],[-91.07,16.92],[-90.99,17.8],[-89.16,17.81],[-88.3,18.48],[-87.77,18.41],[-87.42,19.56],[-87.44,20.19],[-86.74,21.16],[-87.96,21.6],[-89.79,21.28],[-90.36,21],[-90.48,19.92],[-90.73,19.38],[-91.43,18.88],[-94.21,18.19],[-95.21,18.71],[-95.85,18.72],[-96.46,19.87],[-97.15,20.65],[-97.66,21.64],[-97.89,22.63],[-97.65,24.52],[-97.14,25.97]]]},"properties":{"name":"Mexico","ISO3166-1-Alpha-3":"MEX","ISO3166-1-Alpha-2":"MX"}},
{"type":"Feature","geometry":{"type":"Polygon","coordinates":[[[-89.16,17.81],[-89.24,15.89],[-88.91,15.89],[-88.22,16.97],[-88.09,18.12],[-88.3,18.48],[-89.16,17.81]]]},"properties":{"name":"Belize","ISO3166-1-Alpha-3":"BLZ","ISO3166-1-Alpha-2":"BZ"}},
{"type":"Feature","geometry":{"type":"Polygon","coordinates":[[[-82.57,9.58],[-82.9,8.03],[-82.66,8.32],[-81.71,8.13],[-80.87,7.21],[-79.99,7.5],[-80.47,8.22],[-79.77,8.58],[-79.48,9],[-78.76,8.83],[-77.9,7.24],[-77.2,7.98],[-77.37,8.66],[-78.02,9.23],[-79.55,9.63],[-80.82,8.89],[-81.54,8.81],[-82.25,9.01],[-82.57,9.58]]]},"properties":{"name":"Panama","ISO3166-1-Alpha-3":"PAN","ISO3166-1-Alpha-2":"PA"}},
{"type":"Feature","geometry":{"type":"Polygon","coordinates":[[[-60.02,8.56],[-60.98,8.57],[-60.78,9.34],[-61.44,9.82],[-61.88,9.82],[-62.83,10.41],[-62.72,10.76],[-64.14,10.48],[-64.75,10.11],[-65.87,10.31],[-66.54,10.63],[-67.94,10.47],[-68.42,11.18],[-68.86,11.45],[-70.18,11.38],[-71.46,10.97],[-71.53,10.54],[-71.04,9.76],[-71.51,9.05],[-72.12,9.83],[-71.58,10.72],[-71.96,11.59],[-71.33,11.85],[-71.97,11.66],[-72.91,10.45],[-73.01,9.3],[-72.39,8.34],[-72.45,7.44],[-72.08,7.07],[-70.1,6.94],[-69.44,6.12],[-67.57,6.27],[-67.84,5.3],[-67.87,4.51],[-67.3,3.43],[-67.84,2.89],[-67.33,2.47],[-66.88,1.22],[-66.35,0.76],[-65.14,1.13],[-64.08,1.65],[-64.22,3.12],[-64.06,3.91],[-62.77,4.02],[-61.54,4.26],[-60.61,4.9],[-60.74,5.2],[-61.38,5.91],[-61.2,6.6],[-60.42,6.94],[-60.73,7.53],[-59.82,8.29],[-60.02,8.56]]]},"properties":{"name":"Venezuela","ISO3166-1-Alpha-3":"VEN","ISO3166-1-Alpha-2":"VE"}},
{"type":"Feature","geometry":{"type":"MultiPolygon","coordinates":[[[[140.97,-2.6],[140.98,-4.6],[140.98,-6.9],[140.98,-9.11],[142.65,-9.33],[143.41,-8.96],[142.98,-8.34],[143.59,-8.24],[144.43,-7.61],[146.1,-8.1],[146.58,-8.82],[147.76,-10.06],[149.46,-10.35],[149.94,-10.06],[149.18,-9.37],[148.56,-9.03],[148.11,-8.06],[147.16,-7.39],[146.98,-6.74],[147.85,-6.69],[147.45,-5.96],[145.73,-5.42],[145.81,-4.86],[144.51,-3.82],[142.18,-3.08],[140.97,-2.6]]],[[[155.93,-6.64],[155.07,-5.55],[154.76,-5.95],[155.36,-6.75],[155.93,-6.64]]],[[[152.42,-4.35],[151.54,-4.18],[151.7,-4.82],[150.72,-5.53],[149.39,-5.59],[148.43,-5.44],[148.39,-5.78],[149.63,-6.3],[150.47,-6.27],[152.1,-5.46],[152.42,-4.35]]]]},"properties":{"name":"Papua New Guinea","ISO3166-1-Alpha-3":"PNG","ISO3166-1-Alpha-2":"PG"}},
{"type":"Feature","geometry":{"type":"Polygon","coordinates":[[[34.89,29.49],[34.25,31.21],[34.2,31.31],[33.65,31.12],[32.06,31.08],[31.22,31.58],[30.36,31.51],[29.03,30.83],[27.32,31.38],[25.15,31.66],[24.69,30.14],[24.98,29.18],[24.98,25.21],[24.98,22],[28.29,21.99],[31.25,21.99],[33.18,22],[34.08,22],[36.88,22],[35.62,23.14],[35.51,23.98],[34.01,26.61],[33.51,27.96],[34.08,27.8],[34.89,29.49]]]},"properties":{"name":"Egypt","ISO3166-1-Alpha-3":"EGY","ISO3166-1-Alpha-2":"EG"}},
{"type":"Feature","geometry":{"type":"Polygon","coordinates":[[[51.98,19],[49.13,18.61],[48.16,18.15],[47.43,17.09],[46.97,16.96],[45.17,17.43],[43.17,17.33],[43.21,16.77],[42.79,16.37],[42.7,15.72],[43.25,13.21],[43.47,12.85],[44.19,12.62],[44.87,12.73],[45.67,13.34],[46.7,13.43],[48.02,14.06],[48.68,14.04],[49.08,14.51],[52.23,15.62],[52.29,16.26],[53.09,16.64],[51.98,19]]]},"properties":{"name":"Yemen","ISO3166-1-Alpha-3":"YEM","ISO3166-1-Alpha-2":"YE"}},
{"type":"Feature","geometry":{"type":"Polygon","coordinates":[[[-8.68,27.29],[-8.68,26.01],[-12.02,25.99],[-12.02,23.5],[-13.02,23.02],[-13.02,21.33],[-16.96,21.33],[-17.06,20.77],[-16.2,20.22],[-16.47,19.27],[-16.2,18.98],[-16.02,17.96],[-16.46,16.64],[-16.54,15.81],[-16.33,16.47],[-14.34,16.64],[-12.26,14.77],[-11.84,14.89],[-11.73,15.54],[-9.84,15.37],[-9.35,15.5],[-5.51,15.5],[-5.35,16.31],[-5.62,16.53],[-5.96,19.62],[-6.22,21.82],[-6.59,24.99],[-4.82,25],[-8.68,27.29]]]},"properties":{"name":"Mauritania","ISO3166-1-Alpha-3":"MRT","ISO3166-1-Alpha-2":"MR"}},
{"type":"Feature","geometry":{"type":"Polygon","coordinates":[[[9.8,2.34],[9.41,1.28],[9.8,1],[11.34,1],[11.32,2.17],[9.99,2.17],[9.8,2.34]]]},"properties":{"name":"Equatorial Guinea","ISO3166-1-Alpha-3":"GNQ","ISO3166-1-Alpha-2":"GQ"}},
{"type":"Feature","geometry":{"type":"Polygon","coordinates":[[[-16.75,13.07],[-15.83,13.16],[-15.52,13.58],[-16.56,13.59],[-16.75,13.07]]]},"properties":{"name":"Gambia","ISO3166-1-Alpha-3":"GMB","ISO3166-1-Alpha-2":"GM"}},
{"type":"Feature","geometry":{"type":"Polygon","coordinates":[[[114.23,22.56],[114.08,22.53],[114.11,22.37],[114.28,22.27],[114.34,22.45],[114.23,22.56]]]},"properties":{"name":"Hong Kong S.A.R.","ISO3166-1-Alpha-3":"HKG","ISO3166-1-Alpha-2":"HK"}},
{"type":"Feature","geometry":{"type":"Polygon","coordinates":[[[12.453,41.903],[12.454,41.903],[12.454,41.904],[12.453,41.904],[12.453,41.903]]]},"properties":{"name":"Vatican","ISO3166-1-Alpha-3":"VAT","ISO3166-1-Alpha-2":"VA"}},
{"type":"Feature","geometry":{"type":"Polygon","coordinates":[[[34.01,35.06],[34.04,35.47],[32.71,35.18],[33.68,35.03],[33.91,35.07],[34.01,35.06]]]},"properties":{"name":"Northern Cyprus","ISO3166-1-Alpha-3":"-99","ISO3166-1-Alpha-2":"-99"}},
{"type":"Feature","geometry":{"type":"MultiPolygon","coordinates":[[[[33.91,35.07],[33.9,35.06],[34.02,35.06],[34.01,35.06],[33.91,35.07]]],[[[33.68,35.03],[32.71,35.18],[32.69,35.18],[33.7,34.99],[33.68,35.03]]],[[[32.64,35.19],[32.6,35.18],[32.58,35.17],[32.66,35.19],[32.64,35.19]]]]},"properties":{"name":"Cyprus No Mans Area","ISO3166-1-Alpha-3":"-99","ISO3166-1-Alpha-2":"-99"}},
{"type":"Feature","geometry":{"type":"Polygon","coordinates":[[[77.05,35.11],[77.8,35.5],[76.78,35.65],[77.05,35.11]]]},"properties":{"name":"Siachen Glacier","ISO3166-1-Alpha-3":"-99","ISO3166-1-Alpha-2":"-99"}},
{"type":"Feature","geometry":{"type":"Polygon","coordinates":[[[63.38,45.57],[63.75,46.3],[62.9,46.21],[63.38,45.57]]]},"properties":{"name":"Baykonur Cosmodrome","ISO3166-1-Alpha-3":"-99","ISO3166-1-Alpha-2":"-99"}},
{"type":"Feature","geometry":{"type":"Polygon","coordinates":[[[33.02,34.63],[32.83,34.7],[32.76,34.65],[33.02,34.63]]]},"properties":{"name":"Akrotiri Sovereign Base Area","ISO3166-1-Alpha-3":"-99","ISO3166-1-Alpha-2":"-99"}},
{"type":"Feature","geometry":{"type":"Polygon","coordinates":[[[-73.47,-49.76],[-73.1,-49.27],[-73.46,-49.31],[-73.47,-49.76]]]},"properties":{"name":"Southern Patagonian Ice Field","ISO3166-1-Alpha-3":"-99","ISO3166-1-Alpha-2":"-99"}},
{"type":"Feature","geometry":{"type":"Polygon","coordinates":[[[33.18,22],[33.56,21.71],[33.87,21.75],[34.08,22],[33.18,22]]]},"properties":{"name":"Bir Tawil","ISO3166-1-Alpha-3":"-99","ISO3166-1-Alpha-2":"-99"}},
{"type":"Feature","geometry":{"type":"MultiPolygon","coordinates":[[[[-51.73,-82.06],[-55.93,-82.48],[-59.47,-83.46],[-62.8,-82.52],[-66.06,-82.2],[-65.17,-81.51],[-69.98,-80.98],[-74.84,-80.92],[-77.75,-78.74],[-77.69,-77.93],[-75.53,-77.54],[-77.52,-76.73],[-76.5,-76.52],[-70.33,-76.68],[-63.16,-75.41],[-63.57,-74.87],[-60.68,-74.32],[-60.09,-73.3],[-61.37,-72.47],[-60.93,-71.18],[-62.38,-70.41],[-63.21,-68.84],[-65.34,-68.56],[-64.75,-67.31],[-63.76,-66.21],[-62.37,-65.92],[-61.11,-64.38],[-63.83,-65.03],[-64.69,-66.04],[-65.8,-66.72],[-67.54,-67.14],[-66.76,-69.07],[-68.36,-69.68],[-66.75,-72.09],[-67.51,-72.83],[-74.11,-73.72],[-78.74,-73.36],[-81.31,-73.27],[-82.06,-73.89],[-85.54,-73.37],[-89.28,-73.11],[-96.47,-73.3],[-97.72,-73.03],[-99.77,-73.36],[-101.59,-74],[-99.32,-74.96],[-100.14,-75.38],[-103.3,-75.09],[-106.45,-75.32],[-109.69,-75.15],[-114.84,-74.47],[-119.13,-74.6],[-124.05,-74.81],[-126.94,-74.68],[-129.98,-74.91],[-135.34,-74.56],[-136.88,-75.04],[-142.47,-75.43],[-146.21,-75.92],[-145.59,-76.92],[-149.97,-77.82],[-151.51,-77.42],[-156.32,-77.07],[-158.64,-77.86],[-154.97,-79.03],[-147.95,-79.79],[-150.61,-80.27],[-147.63,-80.92],[-156.45,-81.15],[-153.79,-81.69],[-152.54,-82.55],[-163.7,-84.05],[-168.25,-84.65],[-180,-84.35],[-180,-84.52],[-180,-85.01],[-180,-85.51],[-180,-86.01],[-180,-86.51],[-180,-87.01],[-180,-87.51],[-180,-88.01],[-180,-88.5],[-180,-89],[-180,-89.5],[-180,-90],[-179.5,-90],[-179,-90],[-178.5,-90],[-178,-90],[-177.5,-90],[-177,-90],[-176.5,-90],[-176.01,-90],[-175.51,-90],[-175.01,-90],[-174.51,-90],[-174.01,-90],[-173.51,-90],[-173.01,-90],[-172.51,-90],[-172.01,-90],[-171.51,-90],[-171.01,-90],[-170.51,-90],[-170.01,-90],[-169.51,-90],[-169.02,-90],[-168.52,-90],[-168.02,-90],[-167.52,-90],[-167.02,-90],[-166.52,-90],[-166.02,-90],[-165.52,-90],[-165.02,-90],[-164.52,-90],[-164.02,-90],[-163.52,-90],[-163.02,-90],[-162.52,-90],[-162.02,-90],[-161.53,-90],[-161.03,-90],[-160.53,-90],[-160.03,-90],[-159.53,-90],[-159.03,-90],[-158.53,-90],[-158.03,-90],[-157.53,-90],[-157.03,-90],[-156.53,-90],[-156.03,-90],[-155.53,-90],[-155.03,-90],[-154.54,-90],[-154.04,-90],[-153.54,-90],[-153.04,-90],[-152.54,-90],[-152.04,-90],[-151.54,-90],[-151.04,-90],[-150.54,-90],[-150.04,-90],[-149.54,-90],[-149.04,-90],[-148.54,-90],[-148.04,-90],[-147.55,-90],[-147.05,-90],[-146.55,-90],[-146.05,-90],[-145.55,-90],[-145.05,-90],[-144.55,-90],[-144.05,-90],[-143.55,-90],[-143.05,-90],[-142.55,-90],[-142.05,-90],[-141.55,-90],[-141.05,-90],[-140.55,-90],[-140.06,-90],[-139.56,-90],[-139.06,-90],[-138.56,-90],[-138.06,-90],[-137.56,-90],[-137.06,-90],[-136.56,-90],[-136.06,-90],[-135.56,-90],[-135.06,-90],[-134.56,-90],[-134.06,-90],[-133.56,-90],[-133.07,-90],[-132.57,-90],[-132.07,-90],[-131.57,-90],[-131.07,-90],[-130.57,-90],[-130.07,-90],[-129.57,-90],[-129.07,-90],[-128.57,-90],[-128.07,-90],[-127.57,-90],[-127.07,-90],[-126.57,-90],[-126.07,-90],[-125.58,-90],[-125.08,-90],[-124.58,-90],[-124.08,-90],[-123.58,-90],[-123.08,-90],[-122.58,-90],[-122.08,-90],[-121.58,-90],[-121.08,-90],[-120.58,-90],[-120.08,-90],[-119.58,-90],[-119.08,-90],[-118.59,-90],[-118.09,-90],[-117.59,-90],[-117.09,-90],[-116.59,-90],[-116.09,-90],[-115.59,-90],[-115.09,-90],[-114.59,-90],[-114.09,-90],[-113.59,-90],[-113.09,-90],[-112.59,-90],[-112.09,-90],[-111.6,-90],[-111.1,-90],[-110.6,-90],[-110.1,-90],[-109.6,-90],[-109.1,-90],[-108.6,-90],[-108.1,-90],[-107.6,-90],[-107.1,-90],[-106.6,-90],[-106.1,-90],[-105.6,-90],[-105.1,-90],[-104.6,-90],[-104.11,-90],[-103.61,-90],[-103.11,-90],[-102.61,-90],[-102.11,-90],[-101.61,-90],[-101.11,-90],[-100.61,-90],[-100.11,-90],[-99.61,-90],[-99.11,-90],[-98.61,-90],[-98.11,-90],[-97.61,-90],[-97.12,-90],[-96.62,-90],[-96.12,-90],[-95.62,-90],[-95.12,-90],[-94.62,-90],[-94.12,-90],[-93.62,-90],[-93.12,-90],[-92.62,-90],[-92.12,-90],[-91.62,-90],[-91.12,-90],[-90.62,-90],[-90.12,-90],[-89.63,-90],[-89.13,-90],[-88.63,-90],[-88.13,-90],[-87.63,-90],[-87.13,-90],[-86.63,-90],[-86.13,-90],[-85.63,-90],[-85.13,-90],[-84.63,-90],[-84.13,-90],[-83.63,-90],[-83.13,-90],[-82.64,-90],[-82.14,-90],[-81.64,-90],[-81.14,-90],[-80.64,-90],[-80.14,-90],[-79.64,-90],[-79.14,-90],[-78.64,-90],[-78.14,-90],[-77.64,-90],[-77.14,-90],[-76.64,-90],[-76.14,-90],[-75.64,-90],[-75.15,-90],[-74.65,-90],[-74.15,-90],[-73.65,-90],[-73.15,-90],[-72.65,-90],[-72.15,-90],[-71.65,-90],[-71.15,-90],[-70.65,-90],[-70.15,-90],[-69.65,-90],[-69.15,-90],[-68.65,-90],[-68.16,-90],[-67.66,-90],[-67.16,-90],[-66.66,-90],[-66.16,-90],[-65.66,-90],[-65.16,-90],[-64.66,-90],[-64.16,-90],[-63.66,-90],[-63.16,-90],[-62.66,-90],[-62.16,-90],[-61.66,-90],[-61.17,-90],[-60.67,-90],[-60.17,-90],[-59.67,-90],[-59.17,-90],[-58.67,-90],[-58.17,-90],[-57.67,-90],[-57.17,-90],[-56.67,-90],[-56.17,-90],[-55.67,-90],[-55.17,-90],[-54.67,-90],[-54.17,-90],[-53.68,-90],[-53.18,-90],[-52.68,-90],[-52.18,-90],[-52.12,-90],[-51.68,-90],[-51.18,-90],[-50.68,-90],[-50.18,-90],[-49.68,-90],[-49.18,-90],[-48.68,-90],[-48.18,-90],[-47.68,-90],[-47.18,-90],[-46.69,-90],[-46.19,-90],[-45.69,-90],[-45.19,-90],[-44.69,-90],[-44.19,-90],[-43.69,-90],[-43.19,-90],[-42.69,-90],[-42.19,-90],[-41.69,-90],[-41.19,-90],[-40.69,-90],[-40.19,-90],[-39.69,-90],[-39.2,-90],[-38.7,-90],[-38.2,-90],[-37.7,-90],[-37.2,-90],[-36.7,-90],[-36.2,-90],[-35.7,-90],[-35.2,-90],[-34.7,-90],[-34.2,-90],[-33.7,-90],[-33.2,-90],[-32.7,-90],[-32.21,-90],[-31.71,-90],[-31.21,-90],[-30.71,-90],[-30.21,-90],[-29.71,-90],[-29.21,-90],[-28.71,-90],[-28.21,-90],[-27.71,-90],[-27.21,-90],[-26.71,-90],[-26.21,-90],[-25.71,-90],[-25.21,-90],[-24.72,-90],[-24.22,-90],[-23.72,-90],[-23.22,-90],[-22.72,-90],[-22.22,-90],[-21.72,-90],[-21.22,-90],[-20.72,-90],[-20.22,-90],[-19.72,-90],[-19.22,-90],[-18.72,-90],[-18.22,-90],[-17.73,-90],[-17.23,-90],[-16.73,-90],[-16.23,-90],[-15.73,-90],[-15.23,-90],[-14.73,-90],[-14.23,-90],[-13.73,-90],[-13.23,-90],[-12.73,-90],[-12.23,-90],[-11.73,-90],[-11.23,-90],[-10.74,-90],[-10.24,-90],[-9.74,-90],[-9.24,-90],[-8.74,-90],[-8.24,-90],[-7.74,-90],[-7.24,-90],[-6.74,-90],[-6.24,-90],[-5.74,-90],[-5.24,-90],[-4.74,-90],[-4.24,-90],[-3.74,-90],[-3.25,-90],[-2.75,-90],[-2.25,-90],[-1.75,-90],[-1.25,-90],[-0.75,-90],[-0.25,-90],[0.25,-90],[0.75,-90],[1.25,-90],[1.75,-90],[2.25,-90],[2.75,-90],[3.25,-90],[3.74,-90],[4.24,-90],[4.74,-90],[5.24,-90],[5.74,-90],[6.24,-90],[6.74,-90],[7.24,-90],[7.74,-90],[8.24,-90],[8.74,-90],[9.24,-90],[9.74,-90],[10.24,-90],[10.74,-90],[11.23,-90],[11.73,-90],[12.23,-90],[12.73,-90],[13.23,-90],[13.73,-90],[14.23,-90],[14.73,-90],[15.23,-90],[15.73,-90],[16.23,-90],[16.73,-90],[17.23,-90],[17.73,-90],[18.22,-90],[18.72,-90],[19.22,-90],[19.72,-90],[20.22,-90],[20.72,-90],[21.22,-90],[21.72,-90],[22.22,-90],[22.72,-90],[23.22,-90],[23.72,-90],[24.22,-90],[24.72,-90],[25.21,-90],[25.71,-90],[26.21,-90],[26.71,-90],[27.21,-90],[27.71,-90],[28.21,-90],[28.71,-90],[29.21,-90],[29.71,-90],[30.21,-90],[30.71,-90],[31.21,-90],[31.71,-90],[32.21,-90],[32.7,-90],[33.2,-90],[33.7,-90],[34.2,-90],[34.7,-90],[35.2,-90],[35.7,-90],[36.2,-90],[36.7,-90],[37.2,-90],[37.7,-90],[38.2,-90],[38.7,-90],[39.2,-90],[39.69,-90],[40.19,-90],[40.69,-90],[41.19,-90],[41.69,-90],[42.19,-90],[42.69,-90],[43.19,-90],[43.69,-90],[44.19,-90],[44.69,-90],[45.19,-90],[45.69,-90],[46.19,-90],[46.69,-90],[47.18,-90],[47.68,-90],[48.18,-90],[48.68,-90],[49.18,-90],[49.68,-90],[50.18,-90],[50.68,-90],[51.18,-90],[51.68,-90],[52.18,-90],[52.68,-90],[53.18,-90],[53.68,-90],[54.17,-90],[54.67,-90],[55.17,-90],[55.67,-90],[56.17,-90],[56.67,-90],[57.17,-90],[57.67,-90],[58.17,-90],[58.67,-90],[59.17,-90],[59.67,-90],[60.17,-90],[60.67,-90],[61.17,-90],[61.65,-90],[61.66,-90],[62.16,-90],[62.66,-90],[63.16,-90],[63.66,-90],[64.16,-90],[64.66,-90],[65.16,-90],[65.66,-90],[66.16,-90],[66.66,-90],[67.16,-90],[67.66,-90],[68.16,-90],[68.65,-90],[69.15,-90],[69.65,-90],[70.15,-90],[70.65,-90],[71.15,-90],[71.65,-90],[72.15,-90],[72.65,-90],[73.15,-90],[73.65,-90],[74.15,-90],[74.65,-90],[75.15,-90],[75.64,-90],[76.14,-90],[76.64,-90],[77.14,-90],[77.64,-90],[78.14,-90],[78.64,-90],[79.14,-90],[79.64,-90],[80.14,-90],[80.64,-90],[81.14,-90],[81.64,-90],[82.14,-90],[82.64,-90],[83.13,-90],[83.63,-90],[84.13,-90],[84.63,-90],[85.13,-90],[85.63,-90],[86.13,-90],[86.63,-90],[87.13,-90],[87.63,-90],[88.13,-90],[88.63,-90],[89.13,-90],[89.63,-90],[90.12,-90],[90.62,-90],[91.12,-90],[91.62,-90],[92.12,-90],[92.62,-90],[93.12,-90],[93.62,-90],[94.12,-90],[94.62,-90],[95.12,-90],[95.62,-90],[96.12,-90],[96.62,-90],[97.12,-90],[97.61,-90],[98.11,-90],[98.61,-90],[99.11,-90],[99.61,-90],[100.11,-90],[100.61,-90],[101.11,-90],[101.61,-90],[102.11,-90],[102.61,-90],[103.11,-90],[103.61,-90],[104.11,-90],[104.6,-90],[105.1,-90],[105.6,-90],[106.1,-90],[106.6,-90],[107.1,-90],[107.6,-90],[108.1,-90],[108.6,-90],[109.1,-90],[109.6,-90],[110.1,-90],[110.6,-90],[111.1,-90],[111.6,-90],[112.09,-90],[112.59,-90],[113.09,-90],[113.59,-90],[114.09,-90],[114.59,-90],[115.09,-90],[115.59,-90],[116.09,-90],[116.59,-90],[117.09,-90],[117.59,-90],[118.09,-90],[118.59,-90],[119.08,-90],[119.58,-90],[120.08,-90],[120.58,-90],[121.08,-90],[121.58,-90],[122.08,-90],[122.58,-90],[123.08,-90],[123.58,-90],[124.08,-90],[124.58,-90],[125.08,-90],[125.58,-90],[126.07,-90],[126.57,-90],[127.07,-90],[127.57,-90],[128.07,-90],[128.57,-90],[129.07,-90],[129.57,-90],[130.07,-90],[130.57,-90],[131.07,-90],[131.57,-90],[132.07,-90],[132.57,-90],[133.07,-90],[133.56,-90],[134.06,-90],[134.56,-90],[135.06,-90],[135.56,-90],[136.06,-90],[136.56,-90],[137.06,-90],[137.56,-90],[138.06,-90],[138.56,-90],[139.06,-90],[139.56,-90],[140.06,-90],[140.55,-90],[141.05,-90],[141.55,-90],[142.05,-90],[142.55,-90],[143.05,-90],[143.55,-90],[144.05,-90],[144.55,-90],[145.05,-90],[145.55,-90],[146.05,-90],[146.55,-90],[147.05,-90],[147.55,-90],[148.04,-90],[148.54,-90],[149.04,-90],[149.54,-90],[150.04,-90],[150.54,-90],[151.04,-90],[151.54,-90],[152.04,-90],[152.54,-90],[153.04,-90],[153.54,-90],[154.04,-90],[154.54,-90],[155.03,-90],[155.53,-90],[156.03,-90],[156.53,-90],[157.03,-90],[157.53,-90],[158.03,-90],[158.53,-90],[159.03,-90],[159.53,-90],[160.03,-90],[160.53,-90],[161.03,-90],[161.53,-90],[162.02,-90],[162.52,-90],[163.02,-90],[163.52,-90],[164.02,-90],[164.52,-90],[165.02,-90],[165.52,-90],[166.02,-90],[166.52,-90],[167.02,-90],[167.52,-90],[168.02,-90],[168.52,-90],[169.02,-90],[169.51,-90],[170.01,-90],[170.51,-90],[171.01,-90],[171.51,-90],[172.01,-90],[172.51,-90],[173.01,-90],[173.51,-90],[174.01,-90],[174.51,-90],[175.01,-90],[175.51,-90],[176.01,-90],[176.5,-90],[177,-90],[177.5,-90],[178,-90],[178.5,-90],[179,-90],[179.5,-90],[180,-90],[180,-89.5],[180,-89],[180,-88.5],[180,-88.01],[180,-87.51],[180,-87.01],[180,-86.51],[180,-86.01],[180,-85.51],[180,-85.01],[180,-84.52],[180,-84.35],[173.96,-83.88],[167.75,-83.26],[167.31,-82.82],[161.01,-81.55],[161.2,-80.65],[160.39,-79.17],[164.21,-78.23],[163.07,-77.02],[162.59,-74.75],[165.29,-74.47],[164.59,-73.93],[169.22,-73.13],[170.26,-72.6],[170.81,-71.7],[167.88,-71.01],[164.24,-70.49],[161.99,-70.92],[159.75,-69.5],[157.99,-69.17],[156.35,-69.2],[155.01,-68.9],[153.25,-68.88],[151.09,-68.41],[148.44,-68.47],[146.72,-68.3],[146.05,-67.59],[143.88,-67.93],[144.66,-67.12],[143.47,-66.85],[140.08,-66.73],[136.16,-66.25],[133.79,-66.11],[130.73,-66.15],[129.2,-67.1],[127,-66.93],[125.9,-66.31],[122.24,-66.84],[119.02,-67.41],[118.37,-67.05],[115.34,-67.22],[115.6,-66.59],[113.2,-65.77],[110.93,-66.05],[110.45,-66.66],[108.83,-66.97],[108.14,-66.62],[103.91,-65.98],[101.34,-65.94],[100.82,-66.38],[98.91,-66.78],[98.53,-66.45],[94,-66.73],[91.96,-66.5],[90.37,-66.82],[87.97,-66.77],[79.13,-68.15],[77.84,-69.13],[74.27,-69.91],[73.47,-69.78],[71.8,-70.72],[71.12,-71.73],[67,-72.9],[67.45,-71.9],[68.67,-71.2],[70.12,-68.49],[69.68,-67.86],[68.38,-67.9],[63.65,-67.5],[62.62,-67.66],[58.87,-67.17],[56.6,-66.94],[55.61,-66.03],[53.73,-65.85],[51.77,-66.04],[48.59,-66.94],[48.72,-67.68],[46.22,-67.65],[42.86,-68.1],[39.86,-68.83],[39.71,-69.59],[35.24,-69.74],[34.21,-68.68],[32.5,-68.93],[32.85,-69.95],[29.84,-70.31],[26.45,-71.03],[23.32,-70.81],[19.29,-70.91],[16.6,-70.37],[13.02,-70.24],[11.85,-70.78],[9.17,-70.31],[2.52,-70.9],[0.23,-71.35],[-2.13,-71.48],[-6.15,-71.37],[-8.61,-71.7],[-9.94,-71.06],[-11.07,-71.55],[-11.36,-72.4],[-14.1,-73.13],[-15.54,-73.08],[-16.6,-73.63],[-19.24,-75.55],[-20.4,-75.47],[-25.95,-75.93],[-28.86,-76.35],[-33.72,-77.31],[-35.31,-77.84],[-36.25,-78.85],[-30.67,-79.59],[-29.76,-80.18],[-36.03,-80.92],[-38.76,-80.87],[-46.28,-81.91],[-51.73,-82.06]]],[[[-52.52,-80.2],[-54.16,-80.88],[-43.53,-80.2],[-42.97,-79.43],[-43.82,-78.25],[-45.93,-77.82],[-49.07,-78.04],[-50.2,-78.59],[-50.26,-79.54],[-52.52,-80.2]]],[[[-95.5,-72.32],[-98.83,-71.76],[-102.09,-71.97],[-98.58,-72.57],[-95.5,-72.32]]],[[[-71.46,-72.63],[-68.41,-72.22],[-68.3,-70.87],[-70.4,-68.79],[-72.01,-68.96],[-71.91,-69.97],[-71,-70.47],[-72.34,-71.61],[-70.72,-71.91],[-71.46,-72.63]]],[[[-159.84,-79.35],[-162.35,-78.75],[-163.94,-79.41],[-159.84,-79.35]]],[[[-120.26,-73.93],[-123.07,-73.68],[-123.03,-74.25],[-121.1,-74.35],[-120.26,-73.93]]]]},"properties":{"name":"Antarctica","ISO3166-1-Alpha-3":"ATA","ISO3166-1-Alpha-2":"AQ"}},
{"type":"Feature","geometry":{"type":"MultiPolygon","coordinates":[[[[131.54,-31.61],[132.23,-32.03],[133.59,-32.1],[134.27,-32.59],[135.74,-34.86],[136.37,-34.07],[137.22,-33.65],[137.45,-34.16],[138.54,-34.74],[138.53,-35.65],[139.48,-35.9],[139.85,-36.62],[139.74,-37.18],[140.36,-37.88],[141.43,-38.38],[142.4,-38.37],[143.54,-38.86],[144.98,-37.9],[145.92,-38.9],[146.88,-38.64],[147.59,-38.08],[148.31,-37.82],[149.48,-37.79],[149.99,-37.5],[149.9,-36.93],[150.16,-35.96],[151.67,-33.06],[152.52,-32.43],[152.93,-31.48],[152.99,-30.73],[153.61,-28.87],[153.59,-28.27],[153.11,-27.24],[153.12,-25.93],[152.4,-24.75],[150.86,-23.52],[150.83,-22.7],[149.61,-22.24],[149.23,-21.09],[148.74,-20.72],[148.57,-20.06],[146.45,-19.06],[146.02,-18.26],[146.07,-17.39],[145.4,-16.44],[145.28,-14.95],[144.68,-14.56],[143.95,-14.5],[143.53,-13.77],[143.43,-12.61],[142.87,-11.85],[142.74,-10.98],[142.17,-10.93],[141.67,-12.44],[141.69,-13.26],[141.47,-13.78],[141.67,-15.01],[141.42,-16.08],[140.83,-17.45],[140,-17.71],[139.27,-17.35],[139.04,-16.92],[138.18,-16.7],[137.75,-16.25],[136.77,-15.9],[135.39,-14.74],[135.9,-14.14],[135.88,-13.33],[136.64,-12.95],[136.69,-12.28],[136.03,-12.31],[135.74,-11.94],[135.07,-12.26],[133.14,-11.67],[132.05,-12.31],[131,-12.17],[130.13,-12.94],[129.97,-13.53],[129.36,-14.41],[129.61,-14.94],[128.18,-14.7],[126.95,-13.72],[126.57,-14.2],[125.66,-14.36],[124.4,-15.56],[124.38,-16.21],[123.65,-16.36],[123.15,-16.81],[122.28,-17.09],[122.22,-18.2],[121.19,-19.47],[120.24,-19.91],[118.14,-20.36],[117.35,-20.73],[116.74,-20.62],[115.45,-21.51],[114.65,-21.84],[114.01,-21.86],[113.65,-22.58],[113.74,-23.53],[113.39,-24.25],[114.16,-25.79],[114.1,-26.45],[113.59,-26.68],[114.01,-27.32],[114.17,-28.11],[114.98,-29.48],[114.97,-30.21],[115.68,-31.65],[115.67,-33.29],[114.96,-33.68],[115.02,-34.26],[116.47,-35],[118.12,-34.99],[120,-33.93],[121.53,-33.82],[122.56,-33.96],[123.57,-33.88],[124.12,-33.12],[126.19,-32.23],[127.29,-32.27],[128.99,-31.69],[130.16,-31.57],[131.54,-31.61]]],[[[148,-43.23],[147.89,-42.82],[148.33,-41],[146.42,-41.17],[144.69,-40.7],[144.61,-41],[145.21,-41.97],[145.26,-42.6],[146.03,-43.48],[146.71,-43.63],[147.59,-42.82],[148,-43.23]]]]},"properties":{"name":"Australia","ISO3166-1-Alpha-3":"AUS","ISO3166-1-Alpha-2":"AU"}},
{"type":"Feature","geometry":{"type":"MultiPolygon","coordinates":[[[[-40.88,65.1],[-39.87,65.51],[-36.07,65.94],[-34.64,66.38],[-33.19,67.56],[-32.13,68.05],[-30.01,68.13],[-26.42,68.66],[-23.7,69.72],[-23.56,70.11],[-25.31,70.41],[-28.23,70.37],[-27.51,70.94],[-24.67,71.27],[-23.35,70.44],[-21.73,70.58],[-21.67,71.4],[-24.34,72.33],[-25.29,73.47],[-22.31,73.25],[-20.54,73.45],[-22.23,74.1],[-19.43,75.23],[-19.67,76.13],[-21.94,76.62],[-18.32,77.21],[-21.63,78],[-20.98,78.77],[-18.96,79.15],[-19.47,80.26],[-16.45,80.22],[-11.64,81.39],[-13.92,81.81],[-17.15,81.41],[-21.03,81.77],[-21.32,82.61],[-25.65,83.3],[-32.49,83.63],[-46.56,82.89],[-43.73,82.41],[-46.01,82.04],[-51.11,82.51],[-61.28,81.82],[-60.79,81.51],[-67.46,80.34],[-64.93,80.07],[-66.12,79.1],[-72.59,78.52],[-72.78,78.11],[-69.06,77.26],[-70.66,76.8],[-68.43,76.08],[-66.49,75.95],[-63.48,76.38],[-60.87,76.16],[-58.17,75.5],[-56.6,74.24],[-54.65,72.84],[-55.51,71.45],[-52.7,71.53],[-51.91,71.02],[-54.02,70.41],[-50.85,69.63],[-51.57,68.52],[-52.62,68.53],[-53.69,67.81],[-53.96,67.1],[-53.1,66.93],[-53.46,65.96],[-52.27,65.45],[-52.16,64.68],[-50.9,64.41],[-51.54,63.69],[-49.31,62],[-49.24,61.61],[-47.93,60.84],[-46.38,61.08],[-44.93,60.33],[-43.99,60.19],[-42.83,60.61],[-42.71,61.29],[-41.75,62.84],[-40.61,63.81],[-40.88,65.1]]],[[[-52.9,69.35],[-52,69.81],[-53.27,70.2],[-54.99,69.7],[-52.9,69.35]]]]},"properties":{"name":"Greenland","ISO3166-1-Alpha-3":"GRL","ISO3166-1-Alpha-2":"GL"}},
{"type":"Feature","geometry":{"type":"MultiPolygon","coordinates":[[[[180,-16.15],[178.92,-16.47],[178.71,-17],[179.9,-16.72],[180,-16.17],[180,-16.15]]],[[[178.71,-17.99],[178.26,-17.34],[177.39,-17.64],[177.34,-18.11],[178.17,-18.25],[178.71,-17.99]]]]},"properties":{"name":"Fiji","ISO3166-1-Alpha-3":"FJI","ISO3166-1-Alpha-2":"FJ"}},
{"type":"Feature","geometry":{"type":"MultiPolygon","coordinates":[[[[172.75,-43.28],[173.29,-42.95],[174.2,-41.88],[174.06,-41.42],[172.69,-40.73],[171.49,-41.83],[171.12,-42.59],[169.73,-43.57],[168.34,-44.12],[167.2,-44.95],[166.49,-45.81],[167.41,-46.25],[169.04,-46.68],[169.64,-46.58],[170.7,-45.68],[171.35,-44.28],[172.5,-43.72],[172.75,-43.28]]],[[[176.95,-39.61],[177.06,-39.2],[177.88,-39.09],[178.29,-38.54],[178.28,-37.56],[177.15,-38.02],[176,-37.63],[175.88,-36.93],[174.82,-36.82],[174.57,-35.59],[173.89,-35.01],[173.1,-35.22],[174.36,-36.63],[174.85,-37.76],[174.58,-38.84],[173.78,-39.39],[174.97,-39.92],[175.23,-40.34],[174.61,-41.29],[175.33,-41.61],[175.97,-41.25],[176.84,-40.18],[176.95,-39.61]]]]},"properties":{"name":"New Zealand","ISO3166-1-Alpha-3":"NZL","ISO3166-1-Alpha-2":"NZ"}},
{"type":"Feature","geometry":{"type":"Polygon","coordinates":[[[167.03,-22.24],[164.5,-20.3],[164.37,-20.76],[165.29,-21.58],[166.48,-22.29],[167.03,-22.24]]]},"properties":{"name":"New Caledonia","ISO3166-1-Alpha-3":"NCL","ISO3166-1-Alpha-2":"NC"}},
{"type":"Feature","geometry":{"type":"Polygon","coordinates":[[[44.25,-20.38],[43.81,-21.22],[43.47,-21.41],[43.22,-22.25],[43.58,-23.08],[43.66,-24.19],[44.37,-25.26],[45.49,-25.57],[47.14,-24.91],[47.57,-23.85],[47.9,-22.48],[48.56,-20.58],[49.36,-18.42],[49.43,-17.28],[50.5,-15.32],[49.86,-12.88],[49.35,-12.3],[48.98,-12.33],[48.75,-13.41],[48.18,-13.75],[47.48,-15.08],[47.29,-14.92],[46.33,-15.63],[44.85,-16.23],[43.94,-17.46],[44.05,-18.43],[44.46,-19.42],[44.25,-20.38]]]},"properties":{"name":"Madagascar","ISO3166-1-Alpha-3":"MDG","ISO3166-1-Alpha-2":"MG"}},
{"type":"Feature","geometry":{"type":"MultiPolygon","coordinates":[[[[126.57,7.3],[126.31,8.96],[125.93,9.49],[125.46,8.99],[124.78,8.95],[124.23,8.21],[123.76,8.61],[123.06,8.5],[122.44,7.61],[123,7.47],[123.59,7.84],[124.25,7.4],[123.97,6.82],[124.25,6.19],[125.18,5.8],[125.71,6.15],[125.39,6.77],[126.08,6.84],[126.57,7.3]]],[[[122.3,18.4],[120.61,18.54],[120.33,17.56],[120.4,16.17],[119.88,15.91],[120.09,14.79],[120.83,14.76],[120.59,14.2],[121.28,13.6],[121.72,13.97],[122.5,13.37],[122.47,14.35],[121.73,14.19],[121.38,15.31],[121.58,15.93],[122.2,16.26],[122.53,17.09],[122.16,17.62],[122.3,18.4]]],[[[123.57,10.83],[122.82,10.53],[123.16,9.87],[123.57,10.83]]],[[[123.17,11.48],[122.11,11.66],[122.05,11.02],[122.59,10.7],[123.17,11.48]]],[[[125.71,11.15],[125.5,12.25],[125.17,12.58],[124.28,12.53],[125.21,11.13],[125.71,11.15]]],[[[121.53,12.7],[121.43,13.22],[120.95,13.53],[120.48,13.3],[121.13,12.24],[121.53,12.7]]]]},"properties":{"name":"Philippines","ISO3166-1-Alpha-3":"PHL","ISO3166-1-Alpha-2":"PH"}},
{"type":"Feature","geometry":{"type":"Polygon","coordinates":[[[81.88,7.09],[81.37,8.48],[80.74,9.36],[80.27,9.5],[79.95,8.95],[79.76,7.99],[79.86,6.81],[80.1,6.13],[80.59,5.92],[81.36,6.23],[81.88,7.09]]]},"properties":{"name":"Sri Lanka","ISO3166-1-Alpha-3":"LKA","ISO3166-1-Alpha-2":"LK"}},
{"type":"Feature","geometry":{"type":"Polygon","coordinates":[[[-68.78,12.1],[-68.84,12.17],[-69.04,12.26],[-69.07,12.34],[-69.16,12.31],[-69.08,12.2],[-68.94,12.11],[-68.78,12.1]]]},"properties":{"name":"Curaçao","ISO3166-1-Alpha-3":"CUW","ISO3166-1-Alpha-2":"CW"}},
{"type":"Feature","geometry":{"type":"Polygon","coordinates":[[[-70,12.58],[-70.06,12.54],[-69.89,12.42],[-69.88,12.45],[-70,12.58]]]},"properties":{"name":"Aruba","ISO3166-1-Alpha-3":"ABW","ISO3166-1-Alpha-2":"AW"}},
{"type":"Feature","geometry":{"type":"Polygon","coordinates":[[[-77.81,26.91],[-77.52,26.85],[-77.31,26.59],[-77.16,26.56],[-77.26,26.2],[-77.01,26.32],[-77.06,26.53],[-77.27,26.63],[-77.51,26.87],[-77.81,26.91]]]},"properties":{"name":"The Bahamas","ISO3166-1-Alpha-3":"BHS","ISO3166-1-Alpha-2":"BS"}},
{"type":"Feature","geometry":{"type":"Polygon","coordinates":[[[-71.8,21.79],[-71.74,21.79],[-71.63,21.77],[-71.68,21.84],[-71.81,21.84],[-71.8,21.79]]]},"properties":{"name":"Turks and Caicos Islands","ISO3166-1-Alpha-3":"TCA","ISO3166-1-Alpha-2":"TC"}},
{"type":"Feature","geometry":{"type":"Polygon","coordinates":[[[121.91,24.95],[121.06,25.05],[120.19,23.77],[120.06,23.15],[120.33,22.52],[120.95,22.53],[121.4,23.15],[121.91,24.95]]]},"properties":{"name":"Taiwan","ISO3166-1-Alpha-3":"TWN","ISO3166-1-Alpha-2":"CN-TW"}},
{"type":"Feature","geometry":{"type":"MultiPolygon","coordinates":[[[[131.66,32.48],[131.98,32.89],[131.73,33.58],[129.85,33.53],[130.64,32.61],[130.17,31.79],[130.22,31.25],[130.92,31.11],[131.35,31.39],[131.66,32.48]]],[[[134.69,33.83],[134.15,34.39],[133.51,33.97],[132.77,34],[132.38,33.47],[132.92,32.78],[133.27,33.35],[134.27,33.51],[134.69,33.83]]],[[[133.42,34.45],[134.74,34.77],[135.07,33.89],[135.77,33.48],[136.52,34.68],[137.79,34.64],[139.87,35.01],[140.84,35.74],[140.56,36.28],[141.04,37.38],[140.93,37.89],[141.47,38.44],[142.07,39.54],[141.28,41.35],[140.27,40.81],[139.82,39.96],[140.05,39.5],[139.43,38.17],[138.24,37.18],[136.76,36.87],[135.96,35.97],[135.98,35.64],[132.64,35.44],[131.86,34.71],[130.86,34.11],[132.06,33.9],[132.5,34.36],[133.42,34.45]]],[[[145.77,43.39],[144.83,43.94],[143.78,44.1],[142.98,44.59],[141.96,45.51],[141.44,43.36],[139.88,42.66],[140.15,41.98],[141.73,42.62],[143.25,41.94],[143.64,42.66],[144.74,42.92],[145.77,43.39]]]]},"properties":{"name":"Japan","ISO3166-1-Alpha-3":"JPN","ISO3166-1-Alpha-2":"JP"}},
{"type":"Feature","geometry":{"type":"Polygon","coordinates":[[[-56.27,46.9],[-56.31,46.98],[-56.25,47.05],[-56.4,47.11],[-56.34,46.95],[-56.27,46.9]]]},"properties":{"name":"Saint Pierre and Miquelon","ISO3166-1-Alpha-3":"SPM","ISO3166-1-Alpha-2":"PM"}},
{"type":"Feature","geometry":{"type":"Polygon","coordinates":[[[-14.56,66.38],[-17.42,65.99],[-18.69,66.17],[-21.32,65.99],[-22.85,66.47],[-24.2,65.5],[-22.67,65.01],[-21.96,64.3],[-20.19,63.54],[-18.73,63.4],[-14.51,64.44],[-13.53,65.06],[-13.61,65.51],[-14.82,65.82],[-14.56,66.38]]]},"properties":{"name":"Iceland","ISO3166-1-Alpha-3":"ISL","ISO3166-1-Alpha-2":"IS"}},
{"type":"Feature","geometry":{"type":"Polygon","coordinates":[[[-128.33,-24.32],[-128.35,-24.34],[-128.32,-24.4],[-128.29,-24.4],[-128.3,-24.33],[-128.33,-24.32]]]},"properties":{"name":"Pitcairn Islands","ISO3166-1-Alpha-3":"PCN","ISO3166-1-Alpha-2":"PN"}},
{"type":"Feature","geometry":{"type":"Polygon","coordinates":[[[-149.18,-17.73],[-149.35,-17.54],[-149.6,-17.53],[-149.59,-17.73],[-149.18,-17.73]]]},"properties":{"name":"French Polynesia","ISO3166-1-Alpha-3":"PYF","ISO3166-1-Alpha-2":"PF"}},
{"type":"Feature","geometry":{"type":"Polygon","coordinates":[[[70.55,-49.18],[69.71,-49.31],[70.12,-49.71],[70.55,-49.18]]]},"properties":{"name":"French Southern and Antarctic Lands","ISO3166-1-Alpha-3":"ATF","ISO3166-1-Alpha-2":"TF"}},
{"type":"Feature","geometry":{"type":"Polygon","coordinates":[[[55.4,-4.66],[55.45,-4.68],[55.52,-4.75],[55.53,-4.68],[55.46,-4.62],[55.4,-4.66]]]},"properties":{"name":"Seychelles","ISO3166-1-Alpha-3":"SYC","ISO3166-1-Alpha-2":"SC"}},
{"type":"Feature","geometry":{"type":"Polygon","coordinates":[[[-157.19,1.76],[-157.38,1.9],[-157.45,1.8],[-157.19,1.76]]]},"properties":{"name":"Kiribati","ISO3166-1-Alpha-3":"KIR","ISO3166-1-Alpha-2":"KI"}},
{"type":"Feature","geometry":{"type":"Polygon","coordinates":[[[171.39,7.11],[171.23,7.08],[171.26,7.07],[171.29,7.08],[171.37,7.09],[171.39,7.11]]]},"properties":{"name":"Marshall Islands","ISO3166-1-Alpha-3":"MHL","ISO3166-1-Alpha-2":"MH"}},
{"type":"Feature","geometry":{"type":"Polygon","coordinates":[[[-61,10.7],[-61.6,10.75],[-61.46,10.3],[-61,10.14],[-61,10.7]]]},"properties":{"name":"Trinidad and Tobago","ISO3166-1-Alpha-3":"TTO","ISO3166-1-Alpha-2":"TT"}},
{"type":"Feature","geometry":{"type":"Polygon","coordinates":[[[-61.61,12.21],[-61.67,12.24],[-61.76,12.09],[-61.61,12.08],[-61.61,12.21]]]},"properties":{"name":"Grenada","ISO3166-1-Alpha-3":"GRD","ISO3166-1-Alpha-2":"GD"}},
{"type":"Feature","geometry":{"type":"Polygon","coordinates":[[[-61.17,13.15],[-61.12,13.31],[-61.21,13.37],[-61.27,13.19],[-61.17,13.15]]]},"properties":{"name":"Saint Vincent and the Grenadines","ISO3166-1-Alpha-3":"VCT","ISO3166-1-Alpha-2":"VC"}},
{"type":"Feature","geometry":{"type":"Polygon","coordinates":[[[-59.43,13.16],[-59.65,13.3],[-59.61,13.08],[-59.43,13.16]]]},"properties":{"name":"Barbados","ISO3166-1-Alpha-3":"BRB","ISO3166-1-Alpha-2":"BB"}},
{"type":"Feature","geometry":{"type":"Polygon","coordinates":[[[-60.89,14.01],[-61.08,13.89],[-60.94,13.72],[-60.89,14.01]]]},"properties":{"name":"Saint Lucia","ISO3166-1-Alpha-3":"LCA","ISO3166-1-Alpha-2":"LC"}},
{"type":"Feature","geometry":{"type":"Polygon","coordinates":[[[-61.36,15.2],[-61.31,15.58],[-61.49,15.54],[-61.36,15.2]]]},"properties":{"name":"Dominica","ISO3166-1-Alpha-3":"DMA","ISO3166-1-Alpha-2":"DM"}},
{"type":"Feature","geometry":{"type":"Polygon","coordinates":[[[166.62,19.28],[166.64,19.28],[166.64,19.29],[166.62,19.28]]]},"properties":{"name":"United States Minor Outlying Islands","ISO3166-1-Alpha-3":"UMI","ISO3166-1-Alpha-2":"UM"}},
{"type":"Feature","geometry":{"type":"Polygon","coordinates":[[[-62.15,16.74],[-62.2,16.82],[-62.23,16.73],[-62.15,16.74]]]},"properties":{"name":"Montserrat","ISO3166-1-Alpha-3":"MSR","ISO3166-1-Alpha-2":"MS"}},
{"type":"Feature","geometry":{"type":"Polygon","coordinates":[[[-61.88,17.05],[-61.69,17.03],[-61.83,17.17],[-61.88,17.05]]]},"properties":{"name":"Antigua and Barbuda","ISO3166-1-Alpha-3":"ATG","ISO3166-1-Alpha-2":"AG"}},
{"type":"Feature","geometry":{"type":"Polygon","coordinates":[[[-62.65,17.27],[-62.72,17.36],[-62.82,17.42],[-62.86,17.36],[-62.65,17.27]]]},"properties":{"name":"Saint Kitts and Nevis","ISO3166-1-Alpha-3":"KNA","ISO3166-1-Alpha-2":"KN"}},
{"type":"Feature","geometry":{"type":"Polygon","coordinates":[[[-64.56,17.75],[-64.77,17.79],[-64.88,17.69],[-64.56,17.75]]]},"properties":{"name":"United States Virgin Islands","ISO3166-1-Alpha-3":"VIR","ISO3166-1-Alpha-2":"VI"}},
{"type":"Feature","geometry":{"type":"Polygon","coordinates":[[[-62.84,17.88],[-62.79,17.92],[-62.86,17.93],[-62.84,17.88]]]},"properties":{"name":"Saint Barthelemy","ISO3166-1-Alpha-3":"BLM","ISO3166-1-Alpha-2":"BL"}},
{"type":"Feature","geometry":{"type":"Polygon","coordinates":[[[-65.63,18.28],[-67.1,18.52],[-67.21,17.97],[-66.16,17.93],[-65.63,18.28]]]},"properties":{"name":"Puerto Rico","ISO3166-1-Alpha-3":"PRI","ISO3166-1-Alpha-2":"PR"}},
{"type":"Feature","geometry":{"type":"Polygon","coordinates":[[[-63.01,18.27],[-63.04,18.27],[-63.09,18.22],[-63.01,18.22],[-63.01,18.27]]]},"properties":{"name":"Anguilla","ISO3166-1-Alpha-3":"AIA","ISO3166-1-Alpha-2":"AI"}},
{"type":"Feature","geometry":{"type":"Polygon","coordinates":[[[-64.64,18.41],[-64.58,18.42],[-64.56,18.45],[-64.66,18.44],[-64.64,18.41]]]},"properties":{"name":"British Virgin Islands","ISO3166-1-Alpha-3":"VGB","ISO3166-1-Alpha-2":"VG"}},
{"type":"Feature","geometry":{"type":"Polygon","coordinates":[[[-76.26,18.01],[-76.89,18.41],[-77.9,18.52],[-78.08,18.2],[-77.22,17.72],[-76.26,18.01]]]},"properties":{"name":"Jamaica","ISO3166-1-Alpha-3":"JAM","ISO3166-1-Alpha-2":"JM"}},
{"type":"Feature","geometry":{"type":"Polygon","coordinates":[[[-81.14,19.35],[-81.29,19.37],[-81.3,19.31],[-81.14,19.29],[-81.14,19.35]]]},"properties":{"name":"Cayman Islands","ISO3166-1-Alpha-3":"CYM","ISO3166-1-Alpha-2":"KY"}},
{"type":"Feature","geometry":{"type":"Polygon","coordinates":[[[-64.68,32.39],[-64.74,32.34],[-64.75,32.29],[-64.7,32.33],[-64.71,32.35],[-64.68,32.39]]]},"properties":{"name":"Bermuda","ISO3166-1-Alpha-3":"BMU","ISO3166-1-Alpha-2":"BM"}},
{"type":"Feature","geometry":{"type":"Polygon","coordinates":[[[73.74,-53.11],[73.56,-53.02],[73.33,-53.03],[73.47,-53.19],[73.74,-53.11]]]},"properties":{"name":"Heard Island and McDonald Islands","ISO3166-1-Alpha-3":"HMD","ISO3166-1-Alpha-2":"HM"}},
{"type":"Feature","geometry":{"type":"Polygon","coordinates":[[[-5.72,-15.91],[-5.77,-15.95],[-5.76,-16.02],[-5.66,-15.98],[-5.72,-15.91]]]},"properties":{"name":"Saint Helena","ISO3166-1-Alpha-3":"SHN","ISO3166-1-Alpha-2":"SH"}},
{"type":"Feature","geometry":{"type":"Polygon","coordinates":[[[57.8,-20.22],[57.53,-20.02],[57.36,-20.43],[57.67,-20.48],[57.8,-20.22]]]},"properties":{"name":"Mauritius","ISO3166-1-Alpha-3":"MUS","ISO3166-1-Alpha-2":"MU"}},
{"type":"Feature","geometry":{"type":"Polygon","coordinates":[[[43.47,-11.82],[43.28,-11.38],[43.26,-11.82],[43.47,-11.82]]]},"properties":{"name":"Comoros","ISO3166-1-Alpha-3":"COM","ISO3166-1-Alpha-2":"KM"}},
{"type":"Feature","geometry":{"type":"Polygon","coordinates":[[[6.68,0.41],[6.46,0.22],[6.52,0.03],[6.74,0.22],[6.68,0.41]]]},"properties":{"name":"São Tomé and Principe","ISO3166-1-Alpha-3":"STP","ISO3166-1-Alpha-2":"ST"}},
{"type":"Feature","geometry":{"type":"Polygon","coordinates":[[[-23.46,15.02],[-23.7,15.27],[-23.79,15.17],[-23.68,14.94],[-23.46,15.02]]]},"properties":{"name":"Cabo Verde","ISO3166-1-Alpha-3":"CPV","ISO3166-1-Alpha-2":"CV"}},
{"type":"Feature","geometry":{"type":"Polygon","coordinates":[[[14.55,35.89],[14.43,35.97],[14.34,35.88],[14.53,35.8],[14.55,35.89]]]},"properties":{"name":"Malta","ISO3166-1-Alpha-3":"MLT","ISO3166-1-Alpha-2":"MT"}},
{"type":"Feature","geometry":{"type":"Polygon","coordinates":[[[-2.08,49.26],[-2.24,49.25],[-2.17,49.18],[-2.02,49.17],[-2.08,49.26]]]},"properties":{"name":"Jersey","ISO3166-1-Alpha-3":"JEY","ISO3166-1-Alpha-2":"JE"}},
{"type":"Feature","geometry":{"type":"Polygon","coordinates":[[[-2.58,49.49],[-2.67,49.43],[-2.53,49.44],[-2.58,49.49]]]},"properties":{"name":"Guernsey","ISO3166-1-Alpha-3":"GGY","ISO3166-1-Alpha-2":"GG"}},
{"type":"Feature","geometry":{"type":"Polygon","coordinates":[[[-4.61,54.06],[-4.31,54.29],[-4.44,54.4],[-4.71,54.22],[-4.61,54.06]]]},"properties":{"name":"Isle of Man","ISO3166-1-Alpha-3":"IMN","ISO3166-1-Alpha-2":"IM"}},
{"type":"Feature","geometry":{"type":"Polygon","coordinates":[[[20.21,60.22],[19.68,60.26],[19.75,60.1],[20.01,60.09],[20.21,60.22]]]},"properties":{"name":"Aland","ISO3166-1-Alpha-3":"ALA","ISO3166-1-Alpha-2":"AX"}},
{"type":"Feature","geometry":{"type":"Polygon","coordinates":[[[-7.22,62.17],[-7.03,62.12],[-6.86,61.99],[-6.72,62.03],[-6.86,62.15],[-7.22,62.17]]]},"properties":{"name":"Faroe Islands","ISO3166-1-Alpha-3":"FRO","ISO3166-1-Alpha-2":"FO"}},
{"type":"Feature","geometry":{"type":"Polygon","coordinates":[[[105.7,-10.43],[105.63,-10.51],[105.7,-10.53],[105.7,-10.43]]]},"properties":{"name":"Indian Ocean Territories","ISO3166-1-Alpha-3":"-99","ISO3166-1-Alpha-2":"-99"}},
{"type":"Feature","geometry":{"type":"Polygon","coordinates":[[[72.47,-7.38],[72.43,-7.43],[72.44,-7.34],[72.43,-7.32],[72.37,-7.27],[72.38,-7.3],[72.43,-7.32],[72.43,-7.35],[72.43,-7.4],[72.43,-7.43],[72.48,-7.39],[72.47,-7.38]]]},"properties":{"name":"British Indian Ocean Territory","ISO3166-1-Alpha-3":"IOT","ISO3166-1-Alpha-2":"IO"}},
{"type":"Feature","geometry":{"type":"Polygon","coordinates":[[[103.96,1.39],[103.8,1.45],[103.65,1.31],[103.84,1.27],[103.96,1.39]]]},"properties":{"name":"Singapore","ISO3166-1-Alpha-3":"SGP","ISO3166-1-Alpha-2":"SG"}},
{"type":"Feature","geometry":{"type":"Polygon","coordinates":[[[167.98,-29.02],[167.93,-29],[167.93,-29.07],[167.99,-29.06],[167.98,-29.02]]]},"properties":{"name":"Norfolk Island","ISO3166-1-Alpha-3":"NFK","ISO3166-1-Alpha-2":"NF"}},
{"type":"Feature","geometry":{"type":"Polygon","coordinates":[[[-159.8,-21.19],[-159.83,-21.24],[-159.74,-21.25],[-159.74,-21.2],[-159.8,-21.19]]]},"properties":{"name":"Cook Islands","ISO3166-1-Alpha-3":"COK","ISO3166-1-Alpha-2":"CK"}},
{"type":"Feature","geometry":{"type":"Polygon","coordinates":[[[-175.07,-21.12],[-175.15,-21.17],[-175.25,-21.11],[-175.33,-21.17],[-175.15,-21.27],[-175.07,-21.12]]]},"properties":{"name":"Tonga","ISO3166-1-Alpha-3":"TON","ISO3166-1-Alpha-2":"TO"}},
{"type":"Feature","geometry":{"type":"Polygon","coordinates":[[[-178.14,-14.24],[-178.15,-14.31],[-178.05,-14.32],[-178.14,-14.24]]]},"properties":{"name":"Wallis and Futuna","ISO3166-1-Alpha-3":"WLF","ISO3166-1-Alpha-2":"WF"}},
{"type":"Feature","geometry":{"type":"Polygon","coordinates":[[[-172.2,-13.59],[-172.37,-13.46],[-172.75,-13.58],[-172.52,-13.81],[-172.2,-13.59]]]},"properties":{"name":"Samoa","ISO3166-1-Alpha-3":"WSM","ISO3166-1-Alpha-2":"WS"}},
{"type":"Feature","geometry":{"type":"Polygon","coordinates":[[[159.86,-8.51],[159.84,-8.33],[159.4,-7.98],[158.85,-7.97],[159.86,-8.51]]]},"properties":{"name":"Solomon Islands","ISO3166-1-Alpha-3":"SLB","ISO3166-1-Alpha-2":"SB"}},
{"type":"Feature","geometry":{"type":"Polygon","coordinates":[[[179.19,-8.54],[179.22,-8.52],[179.2,-8.52],[179.19,-8.54]]]},"properties":{"name":"Tuvalu","ISO3166-1-Alpha-3":"TUV","ISO3166-1-Alpha-2":"TV"}},
{"type":"Feature","geometry":{"type":"Polygon","coordinates":[[[73.55,4.24],[73.51,4.19],[73.54,4.18],[73.55,4.24]]]},"properties":{"name":"Maldives","ISO3166-1-Alpha-3":"MDV","ISO3166-1-Alpha-2":"MV"}},
{"type":"Feature","geometry":{"type":"Polygon","coordinates":[[[166.94,-0.49],[166.91,-0.5],[166.92,-0.55],[166.96,-0.52],[166.94,-0.49]]]},"properties":{"name":"Nauru","ISO3166-1-Alpha-3":"NRU","ISO3166-1-Alpha-2":"NR"}},
{"type":"Feature","geometry":{"type":"Polygon","coordinates":[[[158.29,6.94],[158.13,6.91],[158.19,6.79],[158.29,6.94]]]},"properties":{"name":"Federated States of Micronesia","ISO3166-1-Alpha-3":"FSM","ISO3166-1-Alpha-2":"FM"}},
{"type":"Feature","geometry":{"type":"Polygon","coordinates":[[[-35.91,-54.69],[-36.62,-54.12],[-37.39,-54.15],[-35.91,-54.69]]]},"properties":{"name":"South Georgia and the Islands","ISO3166-1-Alpha-3":"SGS","ISO3166-1-Alpha-2":"GS"}},
{"type":"Feature","geometry":{"type":"Polygon","coordinates":[[[-57.82,-51.69],[-57.91,-51.38],[-59.08,-51.41],[-58.6,-52],[-57.82,-51.69]]]},"properties":{"name":"Falkland Islands","ISO3166-1-Alpha-3":"FLK","ISO3166-1-Alpha-2":"FK"}},
{"type":"Feature","geometry":{"type":"Polygon","coordinates":[[[167.14,-15.54],[167.06,-15],[166.52,-14.83],[166.79,-15.66],[167.14,-15.54]]]},"properties":{"name":"Vanuatu","ISO3166-1-Alpha-3":"VUT","ISO3166-1-Alpha-2":"VU"}},
{"type":"Feature","geometry":{"type":"Polygon","coordinates":[[[-169.85,-18.97],[-169.95,-19.09],[-169.9,-19.14],[-169.79,-19.05],[-169.85,-18.97]]]},"properties":{"name":"Niue","ISO3166-1-Alpha-3":"NIU","ISO3166-1-Alpha-2":"NU"}},
{"type":"Feature","geometry":{"type":"Polygon","coordinates":[[[-170.59,-14.26],[-170.66,-14.25],[-170.83,-14.32],[-170.76,-14.37],[-170.59,-14.26]]]},"properties":{"name":"American Samoa","ISO3166-1-Alpha-3":"ASM","ISO3166-1-Alpha-2":"AS"}},
{"type":"Feature","geometry":{"type":"Polygon","coordinates":[[[134.65,7.72],[134.49,7.47],[134.59,7.42],[134.65,7.72]]]},"properties":{"name":"Palau","ISO3166-1-Alpha-3":"PLW","ISO3166-1-Alpha-2":"PW"}},
{"type":"Feature","geometry":{"type":"Polygon","coordinates":[[[144.89,13.64],[144.65,13.44],[144.81,13.45],[144.91,13.52],[144.89,13.64]]]},"properties":{"name":"Guam","ISO3166-1-Alpha-3":"GUM","ISO3166-1-Alpha-2":"GU"}},
{"type":"Feature","geometry":{"type":"Polygon","coordinates":[[[145.79,15.27],[145.7,15.2],[145.74,15.14],[145.79,15.27]]]},"properties":{"name":"Northern Mariana Islands","ISO3166-1-Alpha-3":"MNP","ISO3166-1-Alpha-2":"MP"}},
{"type":"Feature","geometry":{"type":"Polygon","coordinates":[[[50.55,26.19],[50.45,26.15],[50.46,25.99],[50.6,25.85],[50.61,26.11],[50.55,26.19]]]},"properties":{"name":"Bahrain","ISO3166-1-Alpha-3":"BHR","ISO3166-1-Alpha-2":"BH"}},
{"type":"Feature","geometry":{"type":"Polygon","coordinates":[[[154.391,-21.03],[154.391,-21.029],[154.389,-21.029],[154.391,-21.03]]]},"properties":{"name":"Coral Sea Islands","ISO3166-1-Alpha-3":"-99","ISO3166-1-Alpha-2":"-99"}},
{"type":"Feature","geometry":{"type":"Polygon","coordinates":[[[115.83,10.73],[115.81,10.73],[115.82,10.72],[115.83,10.73]]]},"properties":{"name":"Spratly Islands","ISO3166-1-Alpha-3":"-99","ISO3166-1-Alpha-2":"-99"}},
{"type":"Feature","geometry":{"type":"Polygon","coordinates":[[[-109.21,10.3],[-109.23,10.31],[-109.22,10.28],[-109.21,10.3]]]},"properties":{"name":"Clipperton Island","ISO3166-1-Alpha-3":"-99","ISO3166-1-Alpha-2":"-99"}},
{"type":"Feature","geometry":{"type":"Polygon","coordinates":[[[113.56,22.16],[113.53,22.16],[113.55,22.11],[113.57,22.12],[113.56,22.16]]]},"properties":{"name":"Macao S.A.R","ISO3166-1-Alpha-3":"MAC","ISO3166-1-Alpha-2":"MO"}},
{"type":"Feature","geometry":{"type":"Polygon","coordinates":[[[123.6,-12.43],[123.58,-12.43],[123.58,-12.44],[123.6,-12.44],[123.6,-12.43]]]},"properties":{"name":"Ashmore and Cartier Islands","ISO3166-1-Alpha-3":"-99","ISO3166-1-Alpha-2":"-99"}},
{"type":"Feature","geometry":{"type":"Polygon","coordinates":[[[-79.989,15.795],[-79.988,15.794],[-79.986,15.794],[-79.988,15.796],[-79.989,15.795]]]},"properties":{"name":"Bajo Nuevo Bank (Petrel Is.)","ISO3166-1-Alpha-3":"-99","ISO3166-1-Alpha-2":"-99"}},
{"type":"Feature","geometry":{"type":"Polygon","coordinates":[[[-78.637,15.862],[-78.637,15.867],[-78.64,15.864],[-78.637,15.862]]]},"properties":{"name":"Serranilla Bank","ISO3166-1-Alpha-3":"-99","ISO3166-1-Alpha-2":"-99"}},
{"type":"Feature","geometry":{"type":"Polygon","coordinates":[[[117.754,15.154],[117.752,15.152],[117.754,15.15],[117.756,15.152],[117.754,15.154]]]},"properties":{"name":"Scarborough Reef","ISO3166-1-Alpha-3":"-99","ISO3166-1-Alpha-2":"-99"}}
]}
